Rk,Player,Nation,Pos,Squad,Comp,Age,Born,90s,GA,PKA,FK,CK,OG,PSxG,PSxG/SoT,PSxG-GA,PSxG-GA_p90,LCmp,LAtt,LCmp%,PaAtt,PaThr,PaAvgLen,GKAtt,GKLp,GKAvgLen,COpp,CStp,CStpp,SwOPA,SwOPA_p90,SwAvgDist
1,Álvaro Aceves,ESP,GK,Valladolid,La Liga,19,2003,0.1,0,0,0,0,0,0.1,0.04,0.1,1.0,1,2,50.0,7,3,25.7,1,0.0,24.0,1,0,0.0,2,13.85,33.0
2,Julen Agirrezabala,ESP,GK,Athletic Club,La Liga,21,2000,7.5,6,0,0,0,0,5.5,0.3,-0.5,-0.06,37,101,36.63,179,33,30.5,62,77.4,55.4,96,11,11.46,10,1.33,15.4
3,Doğan Alemdar,TUR,GK,Rennes,Ligue 1,19,2002,4.5,8,1,0,2,0,6.5,0.29,-1.5,-0.32,23,67,34.33,109,14,33.0,35,71.4,51.4,75,5,6.67,5,1.11,14.8
4,Alisson,BRA,GK,Liverpool,Premier League,29,1992,37.0,43,2,0,0,2,51.1,0.33,10.1,0.27,116,283,40.99,1256,210,26.9,193,26.9,31.3,397,23,5.79,89,2.41,19.8
5,Alphonse Areola,FRA,GK,West Ham,Premier League,29,1993,3.4,7,2,0,1,0,7.3,0.33,0.3,0.09,14,37,37.84,61,14,33.4,30,43.3,33.0,47,2,4.26,1,0.29,10.3
6,Kepa Arrizabalaga,ESP,GK,Chelsea,Premier League,27,1994,28.5,33,1,1,4,3,35.0,0.29,5.0,0.18,68,213,31.92,864,151,26.3,182,35.7,31.5,332,15,4.52,52,1.82,16.9
7,Sergio Asenjo,ESP,GK,Valladolid,La Liga,33,1989,10.0,21,1,1,0,0,16.8,0.31,-4.2,-0.42,58,162,35.8,260,46,35.8,92,66.3,51.2,166,5,3.01,17,1.7,16.1
8,Emil Audero,ITA,GK,Sampdoria,Serie A,25,1997,25.0,39,5,0,4,2,32.3,0.21,-4.7,-0.19,159,441,36.05,714,104,39.1,200,57.0,44.2,356,24,6.74,23,0.92,13.9
9,Édgar Badía,ESP,GK,Elche,La Liga,30,1992,36.0,63,7,0,4,2,69.5,0.31,8.5,0.24,191,422,45.26,772,166,34.2,296,54.4,41.7,574,21,3.66,20,0.56,12.7
10,Francesco Bardi,ITA,GK,Bologna,Serie A,30,1992,1.0,0,0,0,0,0,0.6,0.16,0.6,0.56,5,9,55.56,13,5,35.6,9,44.4,33.4,10,0,0.0,0,0.0,0.0
11,Oliver Baumann,GER,GK,Hoffenheim,Bundesliga,32,1990,34.0,57,2,1,11,1,50.4,0.31,-5.6,-0.16,206,525,39.24,1164,168,33.6,249,45.8,39.3,529,43,8.13,43,1.26,13.4
12,Gavin Bazunu,IRL,GK,Southampton,Premier League,20,2002,32.0,56,1,1,7,4,35.4,0.28,-16.6,-0.52,212,629,33.7,935,144,38.1,237,67.5,50.0,456,36,7.89,48,1.5,15.1
13,Asmir Begović,BIH,GK,Everton,Premier League,35,1987,1.0,0,0,0,0,0,0.5,0.12,0.5,0.49,4,13,30.77,22,5,34.9,8,62.5,46.8,23,1,4.35,0,0.0,5.0
14,Daniel Bentley,ENG,GK,Wolves,Premier League,29,1993,2.0,3,0,0,0,0,3.9,0.3,0.9,0.44,10,29,34.48,57,14,32.9,23,30.4,32.2,37,5,13.51,1,0.5,8.3
15,Paul Bernardoni,FRA,GK,Angers,Ligue 1,25,1997,27.0,62,8,1,6,3,51.4,0.31,-7.6,-0.28,94,291,32.3,479,124,34.6,185,55.1,42.6,357,21,5.88,18,0.67,11.4
16,Marco Bizot,NED,GK,Brest,Ligue 1,31,1991,37.0,54,7,1,11,2,54.9,0.26,2.9,0.08,198,477,41.51,806,163,35.5,289,58.5,43.9,520,30,5.77,25,0.68,11.6
17,Rubén Blanco,ESP,GK,Marseille,Ligue 1,27,1995,5.5,6,0,0,1,2,3.9,0.2,-0.1,-0.02,11,47,23.4,165,31,27.4,41,31.7,32.1,73,3,4.11,7,1.27,17.9
18,Janis Blaswich,GER,GK,RB Leipzig,Bundesliga,31,1991,26.0,29,6,0,2,0,26.9,0.27,-2.1,-0.08,59,189,31.22,985,126,25.3,156,26.9,30.0,288,20,6.94,39,1.5,17.0
19,Joaquín Blázquez,ARG,GK,Brest,Ligue 1,21,2001,1.0,0,0,0,0,0,0.2,0.06,0.2,0.17,8,13,61.54,18,3,45.7,11,18.2,26.3,11,2,18.18,0,0.0,3.5
20,Yassine Bounou,MAR,GK,Sevilla,La Liga,31,1991,23.9,41,2,1,3,2,37.3,0.34,-1.7,-0.07,115,303,37.95,785,92,30.9,162,51.9,42.1,308,20,6.49,39,1.63,17.4
21,Claudio Bravo,CHI,GK,Betis,La Liga,39,1983,12.0,9,1,0,1,0,11.0,0.24,2.0,0.17,75,225,33.33,288,42,39.6,101,75.2,52.5,213,4,1.88,6,0.5,12.1
22,Fabian Bredlow,GER,GK,Stuttgart,Bundesliga,27,1995,15.0,23,5,0,3,1,20.1,0.26,-1.9,-0.13,55,129,42.64,503,86,27.6,91,29.7,33.5,203,12,5.91,15,1.0,15.2
23,Marcin Bułka,POL,GK,Nice,Ligue 1,22,1999,2.0,2,0,0,0,0,3.1,0.52,1.1,0.56,8,20,40.0,49,11,28.1,18,55.6,44.2,26,2,7.69,3,1.5,13.8
24,Juan Carlos,ESP,GK,Girona,La Liga,34,1988,10.0,18,2,2,1,0,16.7,0.35,-1.3,-0.13,23,64,35.94,278,51,28.7,62,24.2,30.3,120,6,5.0,21,2.1,16.9
25,Marco Carnesecchi,ITA,GK,Cremonese,Serie A,22,2000,27.0,47,2,3,7,1,44.2,0.28,-1.8,-0.07,157,523,30.02,745,135,41.4,203,66.0,53.1,402,29,7.21,29,1.07,14.1
26,Matis Carvalho,POR,GK,Montpellier,Ligue 1,23,1999,1.5,3,0,0,0,0,1.9,0.24,-1.1,-0.7,14,43,32.56,38,4,49.4,14,92.9,61.4,38,2,5.26,0,0.0,8.3
27,Koen Casteels,BEL,GK,Wolfsburg,Bundesliga,30,1992,34.0,48,4,0,5,3,43.9,0.27,-1.1,-0.03,257,588,43.71,1326,183,33.7,258,57.0,47.5,489,29,5.93,51,1.5,16.5
28,Michele Cerofolini,ITA,GK,Fiorentina,Serie A,23,1999,5.0,3,1,0,0,0,3.4,0.22,0.4,0.09,24,70,34.29,167,27,33.3,28,42.9,38.1,29,1,3.45,3,0.6,13.8
29,Lucas Chevalier,FRA,GK,Lille,Ligue 1,20,2001,32.0,31,2,2,1,3,30.5,0.27,2.5,0.08,76,282,26.95,903,121,29.4,105,42.9,37.2,317,22,6.94,25,0.78,13.5
30,Oliver Christensen,DEN,GK,Hertha BSC,Bundesliga,23,1999,33.0,68,5,4,8,0,57.9,0.33,-10.1,-0.31,204,586,34.81,977,166,35.9,235,72.8,54.3,486,33,6.79,70,2.12,18.8
31,Andrea Consigli,ITA,GK,Sassuolo,Serie A,35,1987,35.0,55,3,0,5,2,38.5,0.31,-14.5,-0.41,176,436,40.37,1140,187,33.3,285,31.2,32.5,467,28,6.0,28,0.8,14.2
32,Alex Cordaz,ITA,GK,Inter,Serie A,39,1983,0.3,0,0,0,0,0,0.5,0.26,0.5,1.77,1,7,14.29,15,3,33.5,5,60.0,52.0,7,0,0.0,0,0.0,0.0
33,Benoît Costil,FRA,GK,Auxerre,Ligue 1,35,1987,19.0,41,3,0,3,0,34.0,0.33,-7.0,-0.37,132,292,45.21,454,72,36.8,137,74.5,51.7,285,3,1.05,11,0.58,13.1
34,Thibaut Courtois,BEL,GK,Real Madrid,La Liga,30,1992,31.0,29,4,0,1,0,29.7,0.22,0.7,0.02,83,214,38.79,982,194,27.7,152,21.7,29.5,366,32,8.74,40,1.29,15.4
35,Alessio Cragno,ITA,GK,Monza,Serie A,28,1994,1.0,3,0,0,0,0,1.7,0.35,-1.3,-1.33,2,4,50.0,25,4,22.6,6,16.7,33.3,7,0,0.0,2,2.0,25.7
36,Finn Dahmen,GER,GK,Mainz 05,Bundesliga,24,1998,8.0,16,1,0,3,0,13.5,0.25,-2.5,-0.32,48,139,34.53,226,38,36.6,54,77.8,54.5,158,17,10.76,8,1.0,13.8
37,Rémy Descamps,FRA,GK,Nantes,Ligue 1,26,1996,1.0,1,0,0,0,0,1.5,0.25,0.5,0.48,5,9,55.56,20,9,33.2,6,66.7,46.5,11,1,9.09,0,0.0,7.0
38,Michele Di Gregorio,ITA,GK,Monza,Serie A,25,1997,37.0,49,3,1,4,1,48.7,0.28,0.7,0.02,166,476,34.87,1265,236,32.2,247,37.2,34.9,541,14,2.59,32,0.86,13.4
39,Mory Diaw,SEN,GK,Clermont Foot,Ligue 1,29,1993,37.0,47,8,0,5,0,55.4,0.28,8.4,0.23,235,601,39.1,1209,173,37.0,255,45.9,40.4,464,34,7.33,25,0.68,11.5
40,Stole Dimitrievski,MKD,GK,Rayo Vallecano,La Liga,28,1993,36.9,49,4,0,9,4,44.2,0.3,-0.8,-0.02,152,537,28.31,816,199,38.6,299,56.9,46.7,500,24,4.8,52,1.41,16.1
41,Yehvann Diouf,FRA,GK,Reims,Ligue 1,22,1999,31.0,31,1,2,2,1,37.0,0.27,7.0,0.22,136,308,44.16,874,191,31.8,185,33.0,34.3,430,40,9.3,35,1.13,12.7
42,Ouparine Djoco,GNB,GK,Clermont Foot,Ligue 1,24,1998,1.0,2,0,0,0,0,1.0,0.34,-1.0,-0.97,3,17,17.65,30,4,33.6,10,50.0,31.7,14,1,7.14,5,5.0,21.3
43,Marko Dmitrović,SRB,GK,Sevilla,La Liga,30,1992,14.1,13,0,0,2,1,12.2,0.23,0.2,0.02,103,326,31.6,372,44,44.0,131,84.0,62.4,216,12,5.56,10,0.71,12.2
44,Gianluigi Donnarumma,ITA,GK,Paris S-G,Ligue 1,23,1999,37.9,40,2,1,3,1,43.3,0.26,4.3,0.11,54,148,36.49,728,167,23.9,207,18.8,24.1,436,33,7.57,27,0.71,12.1
45,Bartłomiej Drągowski,POL,GK,Spezia,Serie A,24,1997,32.7,54,4,1,7,3,46.1,0.25,-4.9,-0.15,151,482,31.33,975,159,34.6,196,58.7,46.5,472,13,2.75,32,0.98,14.1
46,Martin Dúbravka,SVK,GK,Newcastle Utd,Premier League,33,1989,1.7,1,0,0,0,1,1.9,0.21,1.9,1.07,6,10,60.0,39,14,20.7,15,40.0,35.3,30,1,3.33,0,0.0,12.4
47,Maxime Dupé,FRA,GK,Toulouse,Ligue 1,29,1993,38.0,57,4,2,8,3,54.2,0.28,0.2,0.01,136,363,37.47,1006,176,29.5,264,44.7,37.2,517,30,5.8,21,0.55,10.1
48,Ederson,BRA,GK,Manchester City,Premier League,28,1993,35.0,32,3,1,4,1,26.2,0.3,-4.8,-0.14,117,263,44.49,1104,147,28.0,152,30.9,32.3,286,19,6.64,33,0.94,15.7
49,Tjark Ernst,GER,GK,Hertha BSC,Bundesliga,19,2003,1.0,1,0,0,0,0,2.5,0.36,1.5,1.52,5,13,38.46,22,6,31.2,13,53.8,43.1,18,0,0.0,0,0.0,3.5
50,Łukasz Fabiański,POL,GK,West Ham,Premier League,37,1985,34.6,48,2,0,3,1,45.9,0.28,-1.1,-0.03,198,516,38.37,677,153,39.3,249,59.8,44.8,513,29,5.65,25,0.72,13.0
51,Ralf Fährmann,GER,GK,Schalke 04,Bundesliga,33,1988,11.4,13,1,0,1,1,12.4,0.21,0.4,0.04,99,217,45.62,358,50,36.8,83,67.5,48.9,162,11,6.79,9,0.79,11.6
52,Wladimiro Falcone,ITA,GK,Lecce,Serie A,27,1995,38.0,46,5,2,6,3,43.2,0.24,0.2,0.01,194,721,26.91,876,143,42.1,282,79.1,53.5,534,23,4.31,42,1.11,14.1
53,Aitor Fernández,ESP,GK,Osasuna,La Liga,31,1991,21.0,19,0,0,0,1,17.7,0.24,-0.3,-0.01,191,438,43.61,615,87,41.1,174,71.8,54.2,319,14,4.39,37,1.76,16.3
54,Álvaro Fernández,ESP,GK,Espanyol,La Liga,24,1998,11.0,18,0,0,4,1,15.2,0.31,-1.8,-0.17,104,221,47.06,253,37,42.5,103,77.7,54.8,153,5,3.27,15,1.36,16.3
55,Fernando,ESP,GK,Almería,La Liga,32,1990,36.5,61,4,1,4,1,60.5,0.29,0.5,0.01,199,557,35.73,967,211,36.9,341,52.5,42.9,614,39,6.35,26,0.71,12.4
56,Vincenzo Fiorillo,ITA,GK,Salernitana,Serie A,32,1990,1.0,2,0,0,0,0,1.9,0.49,-0.1,-0.05,7,15,46.67,19,3,37.9,5,80.0,56.2,7,1,14.29,0,0.0,6.0
57,Mark Flekken,NED,GK,Freiburg,Bundesliga,29,1993,34.0,44,5,0,4,0,46.4,0.28,2.4,0.07,271,665,40.75,1231,121,37.6,231,73.6,58.0,434,32,7.37,43,1.26,15.0
58,Yahia Fofana,CIV,GK,Angers,Ligue 1,21,2000,11.0,19,1,0,3,1,16.4,0.27,-1.6,-0.14,33,125,26.4,256,70,33.6,69,50.7,41.7,143,17,11.89,9,0.82,11.8
59,Fraser Forster,ENG,GK,Tottenham,Premier League,34,1988,13.5,24,2,1,4,0,21.3,0.34,-2.7,-0.2,36,124,29.03,269,71,30.2,93,49.5,37.6,193,5,2.59,16,1.19,15.2
60,Gauthier Gallon,FRA,GK,Troyes,Ligue 1,29,1993,29.6,65,5,0,8,2,54.9,0.29,-8.1,-0.27,107,391,27.37,707,144,33.2,241,58.9,44.4,496,33,6.65,9,0.3,8.8
61,Joan García,ESP,GK,Espanyol,La Liga,21,2001,1.0,3,1,0,0,0,1.8,0.21,-1.2,-1.16,2,6,33.33,27,4,21.7,3,66.7,47.3,16,2,12.5,1,1.0,13.0
62,Paulo Gazzaniga,ARG,GK,Girona,La Liga,30,1992,28.0,37,4,0,4,0,45.3,0.33,8.3,0.3,146,400,36.5,822,141,32.4,242,59.5,47.9,477,37,7.76,38,1.36,15.1
63,David de Gea,ESP,GK,Manchester Utd,Premier League,31,1990,38.0,43,2,2,6,1,41.3,0.27,-0.7,-0.02,141,449,31.4,1032,128,32.3,179,63.1,47.1,526,15,2.85,32,0.84,14.8
64,Rafał Gikiewicz,POL,GK,Augsburg,Bundesliga,34,1987,23.0,41,1,1,4,0,41.3,0.28,0.3,0.01,185,452,40.93,916,127,33.0,234,62.8,48.9,363,21,5.79,45,1.96,16.7
65,David Gil,ESP,GK,Cádiz,La Liga,28,1994,4.0,5,1,0,1,0,6.3,0.23,1.3,0.32,34,94,36.17,93,15,46.4,36,94.4,65.1,56,2,3.57,4,1.0,13.6
66,Pierluigi Gollini,ITA,GK,"Fiorentina,Napoli","Serie A,Serie A",27,1995,7.0,6,0,0,2,0,4.8,0.4,-1.2,-0.33,28,74,37.84,243,41,31.0,42,95.9,41.25,80,3,3.75,4,1.0,14.55
68,Antonio Gomis,ESP,GK,Atlético Madrid,La Liga,19,2003,0.1,1,0,0,0,0,0.6,0.64,-0.4,-5.35,0,3,0.0,2,0,58.5,1,100.0,94.0,3,0,0.0,0,0.0,1.0
69,Ivo Grbić,CRO,GK,Atlético Madrid,La Liga,26,1996,10.2,12,3,0,4,0,13.8,0.23,1.8,0.17,46,148,31.08,230,50,34.1,99,62.6,47.4,214,23,10.75,7,0.68,9.2
70,Dominik Greif,SVK,GK,Mallorca,La Liga,25,1997,1.0,3,0,0,0,0,2.2,0.28,-0.8,-0.76,19,34,55.88,23,2,54.9,15,93.3,64.5,19,2,10.53,0,0.0,4.0
71,Lennart Grill,GER,GK,Union Berlin,Bundesliga,23,1999,5.0,11,2,0,1,0,9.0,0.28,-2.0,-0.41,48,108,44.44,197,28,37.1,17,76.5,55.2,47,8,17.02,7,1.4,15.1
72,Vicente Guaita,ESP,GK,Crystal Palace,Premier League,35,1987,27.0,34,2,0,4,2,32.4,0.26,0.4,0.01,115,320,35.94,635,140,32.3,206,49.0,37.4,410,26,6.34,26,0.96,13.1
73,Péter Gulácsi,HUN,GK,RB Leipzig,Bundesliga,32,1990,6.0,10,1,0,2,1,10.1,0.37,1.1,0.19,11,37,29.73,179,37,26.4,36,25.0,29.6,61,3,4.92,10,1.67,19.4
74,Samir Handanović,SVN,GK,Inter,Serie A,38,1984,13.7,18,1,0,1,1,15.0,0.27,-2.0,-0.14,45,87,51.72,508,71,24.7,71,11.3,25.5,149,2,1.34,10,0.73,15.4
75,Dean Henderson,ENG,GK,Nott'ham Forest,Premier League,25,1997,18.0,31,2,1,5,0,26.9,0.28,-4.1,-0.23,108,334,32.34,513,107,38.5,156,59.0,45.3,291,20,6.87,27,1.5,15.6
76,Wayne Hennessey,WAL,GK,Nott'ham Forest,Premier League,35,1987,3.0,5,0,0,1,0,3.9,0.28,-1.1,-0.36,23,58,39.66,72,13,43.2,25,76.0,54.5,35,1,2.86,2,0.66,17.0
77,Sergio Herrera,ESP,GK,Osasuna,La Liga,29,1993,17.0,23,1,1,3,1,21.4,0.28,-0.6,-0.04,151,351,43.02,475,58,42.7,135,63.0,48.3,215,16,7.44,20,1.18,18.5
78,Lukáš Hrádecký,FIN,GK,Leverkusen,Bundesliga,32,1989,33.0,47,7,1,5,2,41.3,0.25,-3.7,-0.11,117,373,31.37,899,148,32.0,202,45.5,38.7,404,27,6.68,26,0.79,14.1
79,Daniel Iversen,DEN,GK,Leicester City,Premier League,25,1997,12.0,22,2,2,2,1,18.9,0.29,-2.1,-0.18,38,194,19.59,261,49,37.2,114,62.3,46.2,203,16,7.88,6,0.5,10.3
80,Léo Jardim,BRA,GK,Lille,Ligue 1,27,1995,6.0,13,2,0,2,0,8.6,0.4,-4.4,-0.73,6,34,17.65,138,27,26.8,15,26.7,26.7,65,5,7.69,9,1.5,16.0
81,Sam Johnstone,ENG,GK,Crystal Palace,Premier League,29,1993,9.0,10,2,0,4,1,10.0,0.24,1.0,0.11,30,99,30.3,233,41,31.8,46,54.3,42.8,104,2,1.92,11,1.22,15.4
82,Filip Jørgensen,DEN,GK,Villarreal,La Liga,20,2002,2.0,3,0,0,0,0,2.3,0.39,-0.7,-0.34,0,4,0.0,44,9,22.8,11,0.0,17.5,18,2,11.11,4,2.0,13.3
83,Bingourou Kamara,SEN,GK,Montpellier,Ligue 1,25,1996,4.5,11,1,0,2,0,9.1,0.29,-1.9,-0.41,18,57,31.58,95,19,35.4,35,48.6,39.9,52,3,5.77,2,0.44,11.2
84,Caoimhín Kelleher,IRL,GK,Liverpool,Premier League,23,1998,1.0,4,0,0,0,0,2.9,0.34,-1.1,-1.06,2,2,100.0,22,7,24.3,2,0.0,20.5,3,0,0.0,0,0.0,9.0
85,Gregor Kobel,SUI,GK,Dortmund,Bundesliga,24,1997,27.0,32,1,0,5,1,33.8,0.29,2.8,0.1,100,252,39.68,855,122,28.9,192,38.0,36.5,295,15,5.08,37,1.37,17.1
86,Tomáš Koubek,CZE,GK,Augsburg,Bundesliga,29,1992,11.0,22,0,1,0,2,22.0,0.36,2.0,0.19,77,225,34.22,414,48,36.5,96,70.8,52.5,176,10,5.68,22,2.0,16.8
87,Alban Lafont,FRA,GK,Nantes,Ligue 1,23,1999,37.0,54,9,1,6,4,54.8,0.26,4.8,0.13,189,516,36.63,942,202,35.5,247,67.2,49.3,493,42,8.52,39,1.05,12.3
88,Jean-Louis Leca,FRA,GK,Lens,Ligue 1,36,1985,1.0,1,0,0,0,0,1.6,0.4,0.6,0.6,9,14,64.29,29,5,36.8,10,10.0,20.4,20,1,5.0,0,0.0,8.2
89,Benjamin Lecomte,FRA,GK,"Espanyol,Montpellier","La Liga,Ligue 1",31,1991,29.0,36,2,0,4,1,39.9,0.55,4.9,0.14,188,482,39.0,667,97,40.5,245,122.5,45.5,419,19,4.53,24,1.78,13.55
91,Jeremías Ledesma,ARG,GK,Cádiz,La Liga,29,1993,34.0,48,8,1,6,0,47.1,0.22,-0.9,-0.03,236,735,32.11,824,135,44.9,285,88.8,64.1,595,42,7.06,26,0.76,10.8
92,Bernd Leno,GER,GK,Fulham,Premier League,30,1992,36.0,51,7,1,8,2,58.0,0.27,9.0,0.25,124,391,31.71,1153,190,30.0,242,37.6,36.0,464,35,7.54,46,1.28,15.0
93,Donovan Léon,GUF,GK,Auxerre,Ligue 1,29,1992,2.0,2,1,0,0,0,1.9,0.13,-0.1,-0.03,19,57,33.33,55,8,46.4,24,91.7,66.1,41,0,0.0,2,1.0,12.9
94,Benjamin Leroy,FRA,GK,Ajaccio,Ligue 1,33,1989,31.1,60,8,1,10,1,47.7,0.3,-11.3,-0.36,213,522,40.8,657,77,38.5,212,84.0,52.1,389,18,4.63,54,1.74,16.9
95,Alexandre Letellier,FRA,GK,Paris S-G,Ligue 1,31,1990,0.1,0,0,0,0,0,0.0,0.0,0.0,0.0,0,0,,3,0,19.0,1,0.0,11.0,1,0,0.0,0,0.0,0.0
96,Mateusz Lis,POL,GK,Troyes,Ligue 1,25,1997,8.3,16,2,0,2,0,16.4,0.28,0.4,0.05,39,127,30.71,235,41,35.2,78,46.2,37.4,154,12,7.79,13,1.56,14.4
97,Hugo Lloris,FRA,GK,Tottenham,Premier League,35,1986,24.5,39,1,0,3,1,33.9,0.29,-4.1,-0.17,77,218,35.32,539,109,31.4,186,25.3,25.8,322,20,6.21,29,1.18,13.8
98,Anthony Lopes,POR,GK,Lyon,Ligue 1,31,1990,31.3,39,7,2,5,2,41.4,0.27,4.4,0.14,114,317,35.96,838,134,31.9,183,30.1,31.8,358,19,5.31,25,0.8,13.9
99,Diego López,ESP,GK,Rayo Vallecano,La Liga,40,1981,1.1,4,0,0,2,0,1.7,0.33,-2.3,-2.19,2,8,25.0,21,5,30.3,8,25.0,35.3,12,0,0.0,2,1.88,17.0
100,Pau López,ESP,GK,Marseille,Ligue 1,27,1994,32.5,34,5,0,6,1,33.8,0.24,0.8,0.02,112,324,34.57,941,132,31.0,172,51.2,40.4,370,22,5.95,37,1.14,15.4
101,Andriy Lunin,UKR,GK,Real Madrid,La Liga,23,1999,7.0,7,0,0,1,1,4.5,0.25,-1.5,-0.21,14,27,51.85,190,36,23.3,37,32.4,35.6,54,1,1.85,11,1.57,21.7
102,Andrey Lunyov,RUS,GK,Leverkusen,Bundesliga,30,1991,1.0,2,0,0,0,0,1.4,0.35,-0.6,-0.61,4,10,40.0,41,7,30.3,3,0.0,15.3,6,1,16.67,1,1.0,13.0
103,Mike Maignan,FRA,GK,Milan,Serie A,27,1995,22.0,21,2,1,2,0,20.3,0.28,-0.7,-0.03,76,193,39.38,725,119,29.8,85,32.9,35.1,221,15,6.79,32,1.46,17.8
104,Giorgi Mamardashvili,GEO,GK,Valencia,La Liga,21,2000,38.0,45,2,0,7,2,42.9,0.28,-0.1,0.0,177,522,33.91,843,142,35.1,239,74.5,54.2,457,35,7.66,47,1.24,16.3
105,Steve Mandanda,FRA,GK,Rennes,Ligue 1,37,1985,33.5,31,2,0,5,1,32.4,0.28,2.4,0.07,163,420,38.81,1022,166,31.5,192,55.7,41.5,382,35,9.16,51,1.52,16.7
106,Vito Mannone,ITA,GK,Lorient,Ligue 1,34,1988,17.9,24,1,2,2,0,25.2,0.29,1.2,0.07,56,176,31.82,471,101,29.5,112,48.2,37.5,344,12,3.49,9,0.5,10.6
107,Agustín Marchesín,ARG,GK,Celta Vigo,La Liga,34,1988,19.0,29,2,1,4,1,20.7,0.24,-7.3,-0.38,103,267,38.58,500,75,35.3,131,51.9,42.9,253,14,5.53,25,1.32,18.1
108,Federico Marchetti,ITA,GK,Spezia,Serie A,39,1983,0.7,2,0,0,0,0,1.5,0.48,-0.5,-0.74,2,4,50.0,10,2,24.3,8,37.5,32.4,8,0,0.0,1,1.36,22.0
109,Diego Mariño,ESP,GK,Almería,La Liga,32,1990,0.5,2,0,0,0,0,1.4,0.28,-0.6,-1.25,2,3,66.67,3,1,35.7,5,40.0,45.6,12,0,0.0,0,0.0,7.0
110,Emiliano Martínez,ARG,GK,Aston Villa,Premier League,29,1992,34.9,38,4,1,6,4,36.6,0.24,2.6,0.07,199,523,38.05,1171,135,33.0,212,50.5,40.7,483,60,12.42,73,2.09,16.6
111,Jordi Masip,ESP,GK,Valladolid,La Liga,33,1989,27.9,42,5,0,0,1,45.8,0.27,4.8,0.17,133,389,34.19,722,121,35.9,239,51.5,41.9,396,15,3.79,14,0.5,12.7
112,Luís Maximiano,POR,GK,Lazio,Serie A,23,1999,0.1,0,0,0,0,0,0.0,0.0,0.0,0.0,2,3,66.67,0,1,0.0,0,0.0,0.0,0,0,,0,0.0,19.0
113,Alex McCarthy,ENG,GK,Southampton,Premier League,32,1989,6.0,17,1,0,1,1,10.9,0.34,-5.1,-0.84,22,113,19.47,194,29,36.5,52,36.5,31.0,92,6,6.52,7,1.17,13.5
114,Edouard Mendy,SEN,GK,Chelsea,Premier League,30,1992,9.5,14,0,0,4,0,11.9,0.33,-2.1,-0.22,27,77,35.06,226,47,27.6,63,42.9,34.4,128,9,7.03,11,1.16,13.7
115,Alex Meret,ITA,GK,Napoli,Serie A,25,1997,34.0,24,1,0,1,0,25.0,0.25,1.0,0.03,56,145,38.62,733,121,26.1,198,20.2,26.9,335,11,3.28,39,1.15,17.0
116,Illan Meslier,FRA,GK,Leeds United,Premier League,22,2000,34.0,67,3,1,7,1,53.6,0.32,-12.4,-0.36,106,449,23.61,794,194,33.7,242,56.2,43.5,432,34,7.87,66,1.94,15.8
117,Alexander Meyer,GER,GK,Dortmund,Bundesliga,31,1991,7.0,12,0,0,2,0,7.9,0.25,-4.1,-0.58,24,60,40.0,278,35,27.3,44,34.1,35.0,91,8,8.79,18,2.57,19.8
118,Vanja Milinković-Savić,SRB,GK,Torino,Serie A,25,1997,38.0,41,5,0,6,0,35.8,0.23,-5.2,-0.14,285,939,30.35,1506,185,39.7,286,91.3,70.0,469,36,7.68,70,1.84,16.2
119,Antonio Mirante,ITA,GK,Milan,Serie A,39,1983,0.0,0,0,0,0,0,0.0,0.0,0.0,0.0,0,0,,3,0,27.0,1,0.0,15.0,0,0,,0,0.0,0.0
120,Lorenzo Montipò,ITA,GK,Hellas Verona,Serie A,26,1996,37.0,59,1,1,4,3,49.6,0.27,-6.4,-0.17,360,775,46.45,905,124,44.3,284,72.5,52.1,496,26,5.24,55,1.49,15.3
121,Florian Müller,GER,GK,Stuttgart,Bundesliga,24,1997,19.0,34,1,2,3,0,27.2,0.3,-6.8,-0.36,98,212,46.23,599,98,29.2,133,38.3,36.6,260,6,2.31,28,1.47,18.9
122,Juan Musso,ARG,GK,Atalanta,Serie A,28,1994,23.1,27,2,0,3,2,21.7,0.23,-3.3,-0.14,109,276,39.49,547,152,32.1,157,62.4,48.6,253,14,5.53,24,1.04,15.6
123,Yvon Mvogo,SUI,GK,Lorient,Ligue 1,28,1994,20.1,29,1,0,4,1,27.1,0.27,-0.9,-0.04,86,228,37.72,473,85,32.1,145,46.2,36.6,381,21,5.51,7,0.35,8.5
124,Keylor Navas,CRC,GK,Nott'ham Forest,Premier League,35,1986,17.0,32,4,1,3,0,29.3,0.32,-2.7,-0.16,106,320,33.13,378,65,41.3,151,70.9,48.1,295,14,4.75,9,0.53,9.2
125,Neto,BRA,GK,Bournemouth,Premier League,33,1989,26.5,39,4,0,8,1,39.7,0.26,1.7,0.06,160,437,36.61,601,136,37.8,231,65.8,44.6,510,35,6.86,25,0.94,12.1
126,Manuel Neuer,GER,GK,Bayern Munich,Bundesliga,36,1986,12.0,11,2,0,0,0,14.7,0.29,3.7,0.31,39,79,49.37,435,81,26.8,69,10.1,23.8,103,4,3.88,23,1.92,19.5
127,Alexander Nübel,GER,GK,Monaco,Ligue 1,25,1996,38.0,58,5,1,4,3,49.5,0.24,-5.5,-0.14,189,445,42.47,875,203,32.8,266,61.3,45.6,454,36,7.93,33,0.87,12.7
128,Ørjan Nyland,NOR,GK,RB Leipzig,Bundesliga,31,1990,2.0,2,0,0,1,1,1.8,0.36,0.8,0.39,11,33,33.33,83,9,33.6,15,40.0,36.7,28,0,0.0,0,0.0,12.5
129,Jan Oblak,SVN,GK,Atlético Madrid,La Liga,29,1993,27.7,20,1,1,1,0,21.9,0.27,1.9,0.07,120,374,32.09,586,115,36.1,228,60.1,46.0,358,25,6.98,19,0.69,14.2
130,Guillermo Ochoa,MEX,GK,Salernitana,Serie A,37,1985,20.0,33,3,1,6,0,34.8,0.3,1.8,0.09,135,430,31.4,556,45,40.9,200,66.0,47.3,311,11,3.54,10,0.5,12.3
131,Jan Olschowsky,GER,GK,M'Gladbach,Bundesliga,20,2001,4.0,11,1,0,1,0,11.4,0.39,0.4,0.09,11,37,29.73,123,25,30.5,36,5.6,20.9,59,6,10.17,4,1.0,12.9
132,Robin Olsen,SWE,GK,Aston Villa,Premier League,32,1990,3.1,8,1,0,3,0,6.2,0.29,-1.8,-0.57,15,62,24.19,101,18,37.6,28,60.7,46.8,45,5,11.11,3,0.96,14.2
133,Jonas Omlin,SUI,GK,"Montpellier,M'Gladbach","Ligue 1,Bundesliga",28,1994,27.3,44,5,0,2,2,42.2,0.57,0.2,0.0,110,338,32.54,968,151,30.2,185,99.7,41.3,429,29,6.76,32,2.33,13.4
135,André Onana,CMR,GK,Inter,Serie A,26,1996,24.0,24,2,0,5,2,19.3,0.21,-2.7,-0.11,105,270,38.89,875,115,29.6,152,30.9,35.4,283,15,5.3,10,0.42,12.5
136,Stefan Ortega,GER,GK,Manchester City,Premier League,29,1992,3.0,1,0,0,0,0,4.1,0.27,3.1,1.02,11,24,45.83,155,16,23.9,12,8.3,20.3,26,1,3.85,7,2.33,21.1
137,Fernando Pacheco,ESP,GK,"Almería,Espanyol","La Liga,La Liga",30,1992,17.0,35,4,0,4,0,28.2,0.57,-6.8,-0.82,130,284,45.77,443,64,38.2,141,94.3,42.5,258,17,6.59,21,3.19,14.15
139,Rui Patrício,POR,GK,Roma,Serie A,34,1988,35.0,35,2,1,4,1,27.6,0.23,-6.4,-0.18,135,328,41.16,644,121,33.6,240,35.8,34.8,402,16,3.98,25,0.71,13.8
140,Jiří Pavlenka,CZE,GK,Werder Bremen,Bundesliga,30,1992,32.3,61,2,0,5,2,51.9,0.29,-7.1,-0.22,198,497,39.84,893,152,36.3,279,49.8,42.9,481,22,4.57,38,1.18,14.9
141,Gianluca Pegolo,ITA,GK,Sassuolo,Serie A,41,1981,2.0,3,1,0,0,0,3.2,0.38,0.2,0.12,9,18,50.0,61,10,29.7,16,31.3,28.3,28,2,7.14,0,0.0,9.0
142,Iñaki Peña,ESP,GK,Barcelona,La Liga,23,1999,0.8,2,0,0,0,0,1.4,0.36,-0.6,-0.7,1,3,33.33,23,5,25.2,4,0.0,22.8,7,0,0.0,2,2.47,16.5
143,Patrick Pentz,AUT,GK,Reims,Ligue 1,25,1997,7.0,14,2,0,2,1,11.9,0.34,-1.1,-0.16,29,94,30.85,152,25,36.3,59,44.1,38.7,103,8,7.77,4,0.57,12.2
144,Simone Perilli,ITA,GK,Hellas Verona,Serie A,27,1995,1.0,0,0,0,0,0,0.8,0.19,0.8,0.75,6,30,20.0,21,0,57.3,13,100.0,69.8,19,1,5.26,1,1.0,12.0
145,Mattia Perin,ITA,GK,Juventus,Serie A,29,1992,10.5,7,1,0,1,0,11.2,0.23,4.2,0.39,32,107,29.91,287,54,30.8,63,39.7,35.9,154,4,2.6,11,1.04,15.7
146,Samuele Perisan,ITA,GK,Empoli,Serie A,24,1997,7.0,9,0,0,2,0,7.5,0.31,-1.5,-0.22,25,75,33.33,153,39,32.7,75,34.7,34.3,134,5,3.73,4,0.57,11.6
147,Jordan Pickford,ENG,GK,Everton,Premier League,28,1994,37.0,57,5,2,4,0,60.0,0.31,3.0,0.08,270,801,33.71,992,151,43.0,315,71.4,52.7,566,22,3.89,52,1.41,16.2
148,Nick Pope,ENG,GK,Newcastle Utd,Premier League,30,1992,36.2,32,2,0,8,1,31.3,0.24,0.3,0.01,120,368,32.61,683,232,33.0,207,68.6,50.7,411,34,8.27,74,2.04,18.2
149,Ivan Provedel,ITA,GK,Lazio,Serie A,28,1994,37.9,30,1,0,5,1,31.4,0.25,2.4,0.06,158,373,42.36,1121,166,32.2,198,33.3,33.2,493,21,4.26,55,1.45,16.5
150,Ghjuvanni Quilichini,FRA,GK,Ajaccio,Ligue 1,19,2002,0.9,0,0,0,0,0,0.8,0.24,0.8,0.93,6,24,25.0,26,2,43.8,8,100.0,61.0,25,2,8.0,0,0.0,7.5
151,Ionuț Radu,ROU,GK,"Cremonese,Auxerre","Serie A,Ligue 1",25,1997,26.0,39,3,0,3,1,42.9,0.56,4.9,0.39,155,492,31.5,734,99,39.3,195,129.6,50.0,380,20,5.26,22,1.76,13.7
153,Predrag Rajković,SRB,GK,Mallorca,La Liga,26,1995,36.0,40,6,0,3,0,39.2,0.25,-0.8,-0.02,323,786,41.09,899,125,45.4,309,74.4,54.0,608,32,5.26,19,0.53,11.7
154,Diant Ramaj,GER,GK,Eint Frankfurt,Bundesliga,20,2001,1.0,1,0,0,1,0,1.0,0.2,0.0,0.01,1,3,33.33,21,7,29.1,4,25.0,22.0,15,1,6.67,1,1.0,11.5
155,Aaron Ramsdale,ENG,GK,Arsenal,Premier League,24,1998,38.0,43,3,0,6,1,40.0,0.28,-2.0,-0.05,109,429,25.41,956,174,33.3,153,59.5,49.2,381,22,5.77,43,1.13,16.1
156,Nicola Ravaglia,ITA,GK,Sampdoria,Serie A,33,1988,9.0,23,2,0,3,0,17.9,0.26,-5.1,-0.57,49,145,33.79,226,45,35.6,99,49.5,37.6,155,10,6.45,1,0.11,10.5
157,David Raya,ESP,GK,Brentford,Premier League,26,1995,38.0,46,2,0,9,3,48.0,0.24,5.0,0.13,347,882,39.34,1367,160,39.5,269,70.3,51.8,598,52,8.7,54,1.42,15.8
158,Pepe Reina,ESP,GK,Villarreal,La Liga,39,1982,22.0,27,4,0,3,1,28.9,0.29,2.9,0.13,64,207,30.92,736,112,28.8,118,37.3,35.7,315,15,4.76,20,0.91,14.6
159,Álex Remiro,ESP,GK,Real Sociedad,La Liga,27,1995,38.0,35,1,1,3,2,32.8,0.24,-0.2,0.0,244,572,42.66,1090,138,35.9,216,63.9,51.3,453,18,3.97,47,1.24,15.9
160,Manuel Riemann,GER,GK,Bochum,Bundesliga,33,1988,34.0,72,8,2,9,3,69.0,0.3,0.0,0.0,554,1175,47.15,1489,83,44.7,261,69.0,50.6,536,31,5.78,121,3.56,22.2
161,Rémy Riou,FRA,GK,Lyon,Ligue 1,34,1987,6.7,8,4,0,0,1,8.8,0.2,1.8,0.27,12,49,24.49,178,30,28.7,47,19.1,26.0,78,6,7.69,10,1.5,17.2
162,Joel Robles,ESP,GK,Leeds United,Premier League,32,1990,4.0,11,2,0,0,0,10.5,0.32,-0.5,-0.12,18,71,25.35,90,20,41.1,32,75.0,49.4,43,2,4.65,3,0.75,11.6
163,Marek Rodák,SVK,GK,Fulham,Premier League,25,1996,2.0,2,0,0,0,0,2.0,0.51,0.0,0.01,16,47,34.04,46,3,46.0,15,86.7,60.0,26,1,3.85,2,1.0,14.0
164,Leonardo Román,ESP,GK,Mallorca,La Liga,22,2000,1.0,0,0,0,0,0,0.1,0.03,0.1,0.11,9,21,42.86,30,3,35.2,12,75.0,48.8,30,1,3.33,2,2.0,17.4
165,Francesco Rossi,ITA,GK,Atalanta,Serie A,31,1991,0.0,0,0,0,0,0,0.0,0.0,0.0,0.0,0,1,0.0,3,0,17.3,1,100.0,65.0,1,0,0.0,0,0.0,0.0
166,Gerónimo Rulli,ARG,GK,Villarreal,La Liga,30,1992,14.0,10,0,0,1,0,12.5,0.23,2.5,0.18,50,119,42.02,451,70,28.8,92,34.8,37.9,215,20,9.3,21,1.5,15.5
167,Alessandro Russo,ITA,GK,Sassuolo,Serie A,21,2001,1.0,3,0,0,0,0,2.8,0.4,-0.2,-0.22,0,12,0.0,42,2,30.7,8,0.0,18.3,14,0,0.0,0,0.0,10.0
168,Frederik Rønnow,DEN,GK,Union Berlin,Bundesliga,29,1992,29.0,27,5,0,5,0,35.2,0.26,8.2,0.28,240,605,39.67,1115,109,36.5,163,66.3,49.4,434,43,9.91,29,1.0,13.5
169,José Sá,POR,GK,Wolves,Premier League,29,1993,36.0,55,2,0,6,1,48.4,0.28,-5.6,-0.16,120,435,27.59,935,182,30.9,260,61.9,46.2,540,43,7.96,28,0.78,12.6
170,Brice Samba,FRA,GK,Lens,Ligue 1,28,1994,37.0,28,3,0,6,1,32.4,0.24,5.4,0.15,174,435,40.0,1075,140,33.3,160,33.1,32.7,384,34,8.85,41,1.11,15.4
171,Robert Sánchez,ESP,GK,Brighton,Premier League,24,1997,23.0,30,5,0,4,3,24.2,0.25,-2.8,-0.12,60,205,29.27,645,103,28.9,131,37.4,35.1,229,17,7.42,13,0.57,12.3
172,Mouhamadou Sarr,SEN,GK,Cremonese,Serie A,25,1997,2.0,3,0,0,1,0,2.9,0.36,-0.1,-0.05,19,38,50.0,71,12,35.7,12,75.0,53.6,18,0,0.0,1,0.5,8.6
173,Kasper Schmeichel,DEN,GK,Nice,Ligue 1,35,1986,36.0,35,3,2,5,0,35.9,0.23,0.9,0.02,170,388,43.81,909,119,32.7,278,39.2,35.7,455,24,5.27,23,0.64,12.9
174,Marvin Schwäbe,GER,GK,Köln,Bundesliga,27,1995,34.0,54,4,4,4,3,42.3,0.3,-8.7,-0.26,154,404,38.12,1203,117,31.3,185,31.4,33.9,468,19,4.06,22,0.65,13.4
175,Alexander Schwolow,GER,GK,Schalke 04,Bundesliga,30,1992,22.6,58,4,1,6,0,45.8,0.31,-12.2,-0.54,180,441,40.82,676,79,38.4,174,73.0,55.2,321,7,2.18,23,1.02,15.0
176,Matz Sels,BEL,GK,Strasbourg,Ligue 1,30,1992,38.0,59,10,1,6,0,56.5,0.27,-2.5,-0.06,159,455,34.95,775,130,36.9,196,55.1,43.9,504,31,6.15,32,0.84,12.8
177,Luigi Sepe,ITA,GK,Salernitana,Serie A,31,1991,17.0,27,4,0,0,0,30.3,0.27,3.3,0.2,76,274,27.74,490,84,35.9,154,48.7,41.1,222,16,7.21,13,0.76,14.2
178,Rui Silva,POR,GK,Betis,La Liga,28,1994,26.0,32,2,1,6,1,32.9,0.3,1.9,0.07,154,410,37.56,668,107,35.6,214,64.5,47.5,369,18,4.88,37,1.42,16.6
179,Marco Silvestri,ITA,GK,Udinese,Serie A,31,1991,38.0,48,6,2,3,2,48.7,0.31,2.7,0.07,144,380,37.89,872,142,32.0,302,33.8,34.1,547,13,2.38,21,0.55,12.2
180,Unai Simón,ESP,GK,Athletic Club,La Liga,25,1997,30.5,37,3,1,1,3,31.7,0.28,-2.3,-0.08,134,351,38.18,762,154,33.2,186,63.4,49.4,355,18,5.07,40,1.31,17.5
181,Tobias Sippel,GER,GK,M'Gladbach,Bundesliga,34,1988,5.7,12,1,0,3,0,11.6,0.33,-0.4,-0.08,25,106,23.58,212,23,32.7,48,72.9,53.1,88,2,2.27,4,0.71,13.1
182,Salvatore Sirigu,ITA,GK,Fiorentina,Serie A,35,1987,1.0,0,0,0,0,0,1.0,0.19,1.0,0.96,6,16,37.5,30,9,37.7,8,50.0,41.8,12,0,0.0,2,2.0,26.3
183,Łukasz Skorupski,POL,GK,Bologna,Serie A,31,1991,37.0,49,7,1,6,3,47.8,0.25,1.8,0.05,146,371,39.35,933,206,31.7,278,33.5,33.0,492,29,5.89,24,0.65,12.9
184,François-Joseph Sollacaro,FRA,GK,Ajaccio,Ligue 1,28,1994,6.0,14,1,0,1,1,9.1,0.34,-3.9,-0.65,19,87,21.84,102,11,40.7,40,72.5,48.2,93,6,6.45,6,1.0,11.5
185,Yann Sommer,SUI,GK,"Bayern Munich,M'Gladbach","Bundesliga,Bundesliga",33,1988,29.0,39,9,2,1,1,40.4,0.57,2.4,0.3,96,259,37.07,1168,135,22.7,188,47.9,28.5,374,17,4.55,40,2.72,15.6
187,David Soria,ESP,GK,Getafe,La Liga,29,1993,38.0,45,4,0,7,2,45.5,0.23,2.5,0.07,409,904,45.24,782,99,49.8,347,91.4,59.8,586,36,6.14,46,1.21,15.0
188,Marco Sportiello,ITA,GK,Atalanta,Serie A,30,1992,14.9,21,1,1,2,0,19.6,0.29,-1.4,-0.1,52,148,35.14,346,85,28.8,116,66.4,49.7,200,18,9.0,18,1.21,15.0
189,Jason Steele,ENG,GK,Brighton,Premier League,31,1990,15.0,23,1,0,2,3,18.5,0.29,-1.5,-0.1,34,74,45.95,483,48,24.2,55,3.6,13.9,126,10,7.94,19,1.27,15.7
190,Mile Svilar,SRB,GK,Roma,Serie A,22,1999,3.0,3,0,0,0,0,2.9,0.29,-0.1,-0.03,16,44,36.36,61,13,41.4,16,81.3,60.1,42,6,14.29,4,1.33,12.1
191,Wojciech Szczęsny,POL,GK,Juventus,Serie A,32,1990,27.5,26,3,0,5,0,26.0,0.25,0.0,0.0,128,270,47.41,634,128,33.5,153,43.1,38.3,389,11,2.83,21,0.76,14.7
192,Ciprian Tătărușanu,ROU,GK,Milan,Serie A,36,1986,16.0,22,2,2,4,1,16.8,0.25,-4.2,-0.26,94,195,48.21,473,75,32.9,83,51.8,41.8,195,9,4.62,13,0.81,14.4
193,Marc-André ter Stegen,GER,GK,Barcelona,La Liga,30,1992,37.2,18,3,0,2,3,23.7,0.21,8.7,0.23,168,335,50.15,1215,185,28.9,197,34.0,35.2,368,18,4.89,41,1.1,16.4
194,Pietro Terracciano,ITA,GK,Fiorentina,Serie A,32,1990,29.0,38,6,0,3,2,33.1,0.28,-2.9,-0.1,155,375,41.33,871,113,33.2,198,45.5,40.5,271,12,4.43,55,1.9,18.4
195,Kevin Trapp,GER,GK,Eint Frankfurt,Bundesliga,32,1990,33.0,51,2,1,7,1,42.3,0.32,-7.7,-0.23,80,326,24.54,664,128,34.8,219,30.1,34.1,401,17,4.24,24,0.73,14.4
196,Mark Travers,IRL,GK,Bournemouth,Premier League,23,1999,11.5,32,2,0,8,2,24.0,0.34,-6.0,-0.52,71,154,46.1,250,54,31.9,118,55.1,43.8,229,5,2.18,5,0.43,10.5
197,Martin Turk,SVN,GK,Sampdoria,Serie A,18,2003,4.0,9,1,0,3,0,8.0,0.26,-1.0,-0.25,35,78,44.87,99,15,35.1,43,86.0,56.3,60,0,0.0,2,0.5,12.3
198,Samir Ujkani,KVX,GK,Empoli,Serie A,34,1988,0.1,1,0,0,0,0,0.2,0.25,-0.8,-9.69,0,0,,2,1,18.5,1,0.0,27.0,1,0,0.0,0,0.0,0.0
199,Sven Ulreich,GER,GK,Bayern Munich,Bundesliga,33,1988,3.0,2,0,0,1,0,2.4,0.18,0.4,0.13,9,26,34.62,112,21,26.0,18,16.7,23.4,34,2,5.88,4,1.33,17.5
200,Guglielmo Vicario,ITA,GK,Empoli,Serie A,25,1996,30.9,39,4,0,8,1,40.9,0.27,2.9,0.09,138,455,30.33,1106,151,33.8,170,50.0,42.9,606,34,5.61,22,0.71,11.5
201,Iván Villar,ESP,GK,Celta Vigo,La Liga,25,1997,19.0,24,3,0,6,0,22.2,0.31,-1.8,-0.09,81,239,33.89,435,96,33.8,157,56.1,44.8,256,8,3.13,14,0.74,14.2
202,Danny Ward,WAL,GK,Leicester City,Premier League,29,1993,26.0,46,2,2,6,4,36.5,0.29,-5.5,-0.21,94,303,31.02,750,154,30.4,190,42.1,35.1,355,20,5.63,42,1.62,15.9
203,Axel Werner,ARG,GK,Elche,La Liga,26,1996,2.0,4,0,0,2,0,2.4,0.31,-1.6,-0.82,4,20,20.0,53,9,34.9,16,18.8,33.8,26,1,3.85,1,0.5,14.0
204,Joseph Whitworth,ENG,GK,Crystal Palace,Premier League,18,2004,2.0,5,0,0,0,0,2.3,0.23,-2.7,-1.33,8,27,29.63,68,8,30.1,15,46.7,36.7,25,1,4.0,3,1.5,15.4
205,Robin Zentner,GER,GK,Mainz 05,Bundesliga,27,1994,26.0,39,3,1,2,0,35.4,0.3,-3.6,-0.14,160,474,33.76,672,146,40.0,194,71.1,54.1,321,43,13.4,53,2.04,17.4
206,Michael Zetterer,GER,GK,Werder Bremen,Bundesliga,27,1995,1.7,3,0,0,1,0,3.2,0.24,0.2,0.11,16,33,48.48,49,13,41.6,12,66.7,50.3,15,3,20.0,4,2.37,16.5
207,Jeroen Zoet,NED,GK,Spezia,Serie A,31,1991,3.7,4,1,0,1,0,2.8,0.14,-1.2,-0.31,25,78,32.05,110,13,39.0,23,78.3,58.4,62,4,6.45,6,1.61,14.7
208,Petar Zovko,BIH,GK,Spezia,Serie A,20,2002,0.8,2,0,0,0,0,1.7,0.55,-0.3,-0.42,7,21,33.33,23,3,35.1,13,76.9,51.1,24,1,4.17,2,2.47,17.0
