,Player,Position,90s,TCmp,LFTP,LPrgP,Def_3rd,Mid_3rd,Att_3rd,Live,TOSucc,CaPrgC,PrgR,TOAtt,BTklInt,PTTB
0,Christian Acella,central midfield,0.2,9,0,0,1,9,1,11,0,0,0,0,1,0
1,Mohamed Achi,central midfield,0.4,18,1,3,4,11,10,25,0,2,1,1,1,0
2,Martin Adeline,central midfield,1.2,29,2,3,22,22,16,59,1,1,1,3,6,0
3,Michel Aebischer,central midfield,17.1,557,37,46,147,400,246,791,6,14,85,13,19,0
4,Álvaro Aguado,central midfield,21.0,930,111,139,255,742,315,1292,13,29,50,31,40,3
5,Jean-Daniel Akpa-Akpro,central midfield,15.1,302,24,39,163,338,143,630,31,19,37,55,66,1
6,Luis Alberto,central midfield,27.1,1640,210,248,269,1285,681,2215,19,73,94,41,58,14
7,Thiago Alcántara,central midfield,13.9,946,110,120,272,796,188,1251,21,13,24,30,64,8
8,Carlos Alcaraz,central midfield,11.4,222,20,28,73,234,130,430,13,20,32,28,11,2
9,Rubén Alcaraz,central midfield,22.7,827,93,105,309,768,224,1283,12,30,20,24,62,6
10,Carles Aleñá,central midfield,23.5,607,71,87,149,579,312,1024,24,24,78,43,22,3
11,Alejandro Alfaro,central midfield,0.2,1,0,0,0,1,1,2,0,0,0,1,0,0
12,Ángel Algobia,central midfield,12.6,420,35,42,147,390,92,626,4,10,11,6,30,0
13,Domingos André Ribeiro Almeida,central midfield,28.2,1110,143,197,244,820,651,1685,46,74,71,90,86,7
14,Nadiem Amiri,central midfield,10.9,423,38,55,119,339,174,623,18,30,30,38,21,4
15,Robert Andrich,central midfield,26.7,1218,77,99,540,1021,171,1724,5,12,8,7,103,0
16,Marcos Antônio,central midfield,6.6,380,40,25,117,331,49,493,4,1,8,5,20,1
17,Anuar,central midfield,2.3,30,3,3,20,30,20,70,2,6,4,4,7,0
18,Houssem Aouar,central midfield,5.8,299,37,37,51,279,134,461,10,12,36,23,20,1
19,Mauro Arambarri,central midfield,11.0,326,32,33,118,304,102,514,4,8,7,4,28,0
20,Charles Aránguiz,central midfield,5.5,248,21,32,84,225,61,368,4,3,7,7,24,0
21,Joe Aribo,central midfield,13.6,280,20,39,87,269,222,566,17,19,64,39,41,0
22,Stuart Armstrong,central midfield,15.6,531,47,75,133,403,341,864,22,61,88,52,42,3
23,Maximilian Arnold,central midfield,30.7,1269,115,150,470,1108,364,1922,8,29,19,17,88,6
24,Mohamed El Arouch,central midfield,0.0,1,1,1,3,1,1,4,0,1,0,1,1,0
25,Tolgay Arslan,central midfield,13.5,485,51,77,145,398,234,770,15,45,37,36,41,0
26,Kristoffer Askildsen,central midfield,8.1,165,20,24,68,190,97,351,3,10,17,6,18,0
27,Yasin Ayari,central midfield,0.7,20,4,2,5,18,8,30,0,0,2,1,2,1
28,Ayman Azhil,central midfield,0.0,0,0,0,0,0,0,0,0,0,0,0,0,0
29,Iddrisu Baba,central midfield,18.9,476,42,47,253,476,60,773,11,3,8,19,42,1
30,Carlos Baleba,central midfield,5.3,249,33,33,49,256,83,384,15,16,12,28,14,0
31,Filippo Bandinelli,central midfield,25.1,773,62,101,317,658,376,1333,15,40,89,42,73,3
32,Shandon Baptiste,central midfield,6.9,247,22,39,87,196,97,373,6,8,23,13,22,2
33,Keidi Bare,central midfield,5.6,221,25,28,67,207,62,336,2,6,11,6,26,0
34,Nicolò Barella,central midfield,29.0,1306,150,214,303,962,656,1892,40,76,162,70,61,6
35,Ross Barkley,central midfield,10.7,391,36,48,91,296,228,606,12,30,46,21,24,1
36,Aymen Barkok,central midfield,6.5,181,18,40,53,156,158,360,9,17,28,20,21,2
37,Leandro Barreiro Martins,central midfield,23.8,379,48,54,221,432,231,870,5,17,49,19,101,2
38,Pablo Barrios,central midfield,8.0,368,46,51,106,314,140,554,15,16,27,30,28,1
39,Toma Bašić,central midfield,5.7,214,14,22,75,179,115,367,3,14,29,8,13,2
40,Simone Bastoni,central midfield,13.2,367,35,32,183,306,273,749,7,20,65,20,55,2
41,Julius Beck,central midfield,0.1,5,0,2,2,5,1,8,0,0,0,0,2,0
42,Donny van de Beek,central midfield,1.9,46,0,6,3,23,46,72,2,2,20,3,1,0
43,Haris Belkebla,central midfield,29.5,1033,107,129,353,979,214,1523,11,19,37,34,132,1
44,Jean-Ricner Bellegarde,central midfield,26.9,952,93,153,219,833,569,1589,57,104,110,111,73,6
45,Jude Bellingham,central midfield,29.9,1342,194,252,342,1171,606,2090,86,97,139,151,111,9
46,Fran Beltrán,central midfield,31.7,1604,136,138,454,1253,366,2062,16,27,33,22,87,0
47,Marco Benassi,central midfield,12.1,339,28,36,134,285,160,573,8,10,36,10,42,0
48,Marco Benassi,central midfield,12.1,339,28,36,134,285,160,573,8,10,36,10,42,1
49,Nabil Bentaleb,central midfield,27.7,1512,172,176,511,1366,358,2184,63,46,28,111,118,7
50,Rodrigo Bentancur,central midfield,16.7,738,54,76,295,612,175,1071,21,26,19,34,65,3
51,Alessandro Bianco,central midfield,1.7,67,11,9,18,59,14,91,0,4,2,2,5,0
52,Philip Billing,central midfield,30.7,813,49,80,334,666,428,1410,26,37,101,47,94,5
53,Yves Bissouma,central midfield,11.2,666,55,62,164,536,127,826,7,14,10,9,28,1
54,Kristijan Bistrović,central midfield,5.1,101,10,16,29,84,55,168,1,4,8,1,3,0
55,Antonin Bobichon,central midfield,0.2,12,5,4,2,9,13,23,0,2,8,0,0,1
56,Emil Bohinen,central midfield,9.2,404,25,31,172,335,110,610,8,12,16,18,42,0
57,Giacomo Bonaventura,central midfield,21.2,754,57,102,132,573,456,1134,23,64,91,54,51,4
58,Warren Bondo,central midfield,0.7,45,2,5,8,40,13,60,3,3,2,4,1,0
59,Mehdi Bourabia,central midfield,30.8,981,94,113,422,832,409,1639,28,37,58,64,73,5
60,Benjamin Bourigeaud,central midfield,34.1,1505,183,264,274,1149,904,2303,14,40,250,33,76,13
61,Edoardo Bove,central midfield,11.0,309,20,33,107,301,131,532,5,9,26,13,45,2
62,Darko Brašanac,central midfield,11.6,306,40,49,79,245,171,489,4,18,36,10,41,0
63,Cafú,central midfield,0.1,2,1,1,2,1,0,3,0,0,0,0,0,0
64,Moisés Caicedo,central midfield,34.9,1993,181,219,555,1520,558,2603,28,38,61,54,156,11
65,Tom Cairney,central midfield,11.0,632,70,92,127,425,332,871,9,34,57,21,22,2
66,Hakan Çalhanoğlu,central midfield,26.3,1396,149,172,367,1015,581,1941,8,46,68,24,73,5
67,Mahdi Camara,central midfield,20.2,578,53,80,193,569,210,955,24,32,44,45,103,0
68,Eduardo Camavinga,central midfield,22.3,1364,138,165,372,942,485,1770,38,69,99,71,85,4
69,Maxence Caqueret,central midfield,30.7,1480,196,183,333,1196,654,2162,41,46,114,87,126,5
70,Gaetano Castrovilli,central midfield,8.0,188,10,14,56,148,127,324,7,12,16,16,18,1
71,Dani Ceballos,central midfield,17.4,1362,198,204,258,986,465,1690,40,60,60,66,68,6
72,Nathaniel Chalobah,central midfield,0.1,4,1,0,5,3,3,11,0,0,0,0,1,0
73,Xavier Chavalerin,central midfield,27.0,875,77,95,427,677,240,1337,9,18,49,17,123,5
74,Carney Chukwuemeka,central midfield,3.9,179,11,23,47,106,112,262,6,21,21,11,19,0
75,Tio Cipot,central midfield,1.5,40,2,5,16,32,42,83,3,5,17,7,12,1
76,Pathé Ciss,central midfield,14.2,575,63,65,243,543,114,891,5,10,5,11,61,0
77,Bobby Clark,central midfield,0.1,1,0,1,0,0,7,7,0,0,2,1,0,0
78,Andrea Colpani,central midfield,10.5,319,28,51,55,267,232,538,20,31,69,41,17,3
79,Santi Comesaña,central midfield,27.2,1024,136,150,229,927,405,1544,35,40,58,58,103,0
80,Lewis Cook,central midfield,19.1,593,55,63,290,472,184,935,7,9,10,19,60,1
81,Lassana Coulibaly,central midfield,32.1,978,91,120,399,933,245,1540,48,52,59,93,109,3
82,Mathieu Coutadeur,central midfield,21.6,1006,100,110,260,902,176,1329,5,20,22,14,42,6
83,Mickaël Cuisance,central midfield,6.9,176,13,23,48,138,109,290,8,11,31,12,18,3
84,Mahmoud Dahoud,central midfield,3.7,213,25,25,64,183,56,302,3,5,4,5,18,1
85,Sergi Darder,central midfield,36.9,1181,158,233,276,1145,605,1980,68,111,75,135,93,14
86,Vladimír Darida,central midfield,0.3,8,0,0,5,6,9,20,1,1,1,1,1,0
87,Tom Davies,central midfield,6.0,173,25,30,74,183,54,309,3,2,13,6,19,3
88,Rodrigo De Paul,central midfield,21.4,1160,145,182,261,923,425,1598,16,55,68,32,43,17
89,Brecht Dejaegere,central midfield,20.1,518,56,96,114,478,303,879,19,36,96,50,54,5
90,Alberto Del Moral,central midfield,0.1,0,0,0,0,1,0,1,0,0,0,0,0,0
91,Sacha Delaye,central midfield,0.2,8,0,1,6,9,4,19,0,1,0,0,1,0
92,Kerem Demirbay,central midfield,17.2,827,70,86,247,700,313,1253,8,22,21,24,52,3
93,Branco van den Boomen,central midfield,32.1,1684,270,321,385,1362,726,2453,19,48,102,38,81,12
94,Kiernan Dewsbury-Hall,central midfield,25.6,872,111,132,278,795,443,1490,40,68,91,74,81,9
95,Youba Diarra,central midfield,1.1,40,3,3,27,41,1,66,0,1,1,0,5,1
96,Junior Dina Ebimbe,central midfield,11.8,366,37,45,175,353,175,689,17,38,42,44,41,2
97,Tristan Dingomé,central midfield,1.1,55,7,6,9,41,38,88,1,1,4,2,1,0
98,Edan Diop,central midfield,2.5,89,9,17,20,68,83,167,3,8,29,11,17,1
99,Nicolás Domínguez,central midfield,25.6,1169,118,147,308,991,419,1703,23,39,84,37,100,19
100,Jordan Dongmo,central midfield,0.2,9,1,0,0,9,4,13,0,0,0,1,1,0
101,Abdoulaye Doucouré,central midfield,17.0,430,29,38,156,327,242,713,20,23,66,33,44,1
102,Flynn Downes,central midfield,8.5,289,25,22,74,265,68,405,1,3,11,2,23,0
103,Alfred Duncan,central midfield,12.3,421,58,70,92,371,179,634,12,18,30,23,26,4
104,Éderson,central midfield,24.6,884,93,93,339,778,355,1455,37,37,62,66,103,1
105,Maximilian Eggestein,central midfield,27.2,660,83,93,235,598,276,1098,9,20,46,16,87,2
106,Mikael Ellertsson,central midfield,1.9,24,3,3,11,31,19,60,1,3,4,3,6,0
107,Arne Engels,central midfield,16.0,397,45,57,158,380,205,739,4,9,25,9,35,2
108,Gonzalo Escalante,central midfield,18.7,547,71,80,264,515,171,937,8,3,20,15,79,0
109,Gonzalo Escalante,central midfield,18.7,547,71,80,264,515,171,937,8,3,20,15,79,2
110,Edu Expósito,central midfield,12.9,389,45,72,124,329,242,689,11,19,59,23,46,3
111,Nicolò Fagioli,central midfield,16.9,505,49,56,124,411,221,749,8,27,56,19,37,5
112,Khalil Fayad,central midfield,8.0,283,21,22,99,274,73,438,8,9,11,16,39,2
113,Jacopo Fazzini,central midfield,9.2,257,16,21,135,216,132,476,13,11,40,31,38,1
114,Lewis Ferguson,central midfield,25.7,1039,70,88,272,794,415,1472,9,31,114,25,63,4
115,Edimilson Fernandes,central midfield,27.1,832,67,67,671,666,166,1485,17,15,23,25,89,0
116,Enzo Fernández,central midfield,17.2,1269,164,168,351,1000,280,1616,17,22,18,32,61,11
117,Jordan Ferri,central midfield,30.4,1695,155,209,542,1401,321,2237,20,37,42,55,81,7
118,Phil Foden,central midfield,20.5,904,38,88,116,433,790,1324,40,68,275,81,21,4
119,Seko Fofana,central midfield,34.1,1590,137,165,242,1237,709,2161,59,117,233,109,47,5
120,Youssouf Fofana,central midfield,34.3,1419,185,238,352,1340,454,2116,46,81,71,91,137,11
121,Adam Forshaw,central midfield,5.3,196,30,33,64,171,62,293,8,4,7,11,16,0
122,Tyrese Francois,central midfield,0.0,2,1,0,1,3,1,5,0,0,1,0,0,0
123,Davide Frattesi,central midfield,31.9,812,80,137,280,704,456,1417,34,73,94,74,79,6
124,Oscar Fraulo,central midfield,0.1,10,0,0,3,9,4,16,1,0,0,1,0,0
125,Fred,central midfield,13.9,618,65,76,250,483,279,999,12,10,50,32,66,7
126,Remo Freuler,central midfield,24.0,664,47,54,360,537,167,1058,6,7,11,12,72,0
127,Roberto Gagliardini,central midfield,8.7,297,32,39,105,229,125,454,0,20,22,5,20,1
128,Iñigo Ruiz de Galarreta,central midfield,27.2,1016,104,127,330,885,247,1446,19,20,21,39,84,5
129,Conor Gallagher,central midfield,18.0,706,67,105,198,529,421,1134,23,40,104,54,69,1
130,Idrissa Gana Gueye,central midfield,28.6,1025,111,98,451,893,237,1563,19,27,19,35,153,1
131,Aleix García,central midfield,26.0,1370,154,156,386,1003,490,1867,13,41,76,26,68,3
132,Dani García,central midfield,16.5,571,71,73,183,560,130,868,2,6,8,2,65,3
133,Aleix Garrido,central midfield,0.1,2,0,0,4,0,3,7,0,0,0,1,2,0
134,Gavi,central midfield,28.1,1026,98,134,148,797,578,1509,27,49,153,63,65,8
135,Dennis Geiger,central midfield,21.7,697,74,99,218,618,202,1027,9,21,22,16,69,2
136,Yannick Gerhardt,central midfield,20.7,503,63,82,161,445,254,856,4,12,88,16,36,2
137,Gerson,central midfield,4.6,150,15,21,31,113,103,244,2,9,29,7,8,0
138,Billy Gilmour,central midfield,5.6,364,30,35,112,276,71,453,2,5,4,6,11,2
139,Gvidas Gineitis,central midfield,1.5,75,6,6,9,74,19,102,1,3,7,3,3,0
140,André Gomes,central midfield,18.1,1179,145,160,261,1010,270,1520,29,26,33,42,46,3
141,Joan Gonzàlez,central midfield,24.4,598,72,71,226,570,299,1080,18,18,67,49,64,3
142,Nicolás González,central midfield,15.0,381,41,70,71,381,372,809,25,37,112,73,21,1
143,Nicolás González,central midfield,15.0,381,41,70,71,381,372,809,25,37,112,73,21,2
144,Nicolás González,central midfield,15.0,381,41,70,71,381,372,809,25,37,112,73,46,1
145,Nicolás González,central midfield,15.0,381,41,70,71,381,372,809,25,37,112,73,46,2
146,Nicolás González,central midfield,15.0,381,41,70,164,555,209,921,28,21,17,39,21,1
147,Nicolás González,central midfield,15.0,381,41,70,164,555,209,921,28,21,17,39,21,2
148,Nicolás González,central midfield,15.0,381,41,70,164,555,209,921,28,21,17,39,46,1
149,Nicolás González,central midfield,15.0,381,41,70,164,555,209,921,28,21,17,39,46,2
150,Nicolás González,central midfield,15.0,676,92,81,71,381,372,809,25,37,112,73,21,1
151,Nicolás González,central midfield,15.0,676,92,81,71,381,372,809,25,37,112,73,21,2
152,Nicolás González,central midfield,15.0,676,92,81,71,381,372,809,25,37,112,73,46,1
153,Nicolás González,central midfield,15.0,676,92,81,71,381,372,809,25,37,112,73,46,2
154,Nicolás González,central midfield,15.0,676,92,81,164,555,209,921,28,21,17,39,21,1
155,Nicolás González,central midfield,15.0,676,92,81,164,555,209,921,28,21,17,39,21,2
156,Nicolás González,central midfield,15.0,676,92,81,164,555,209,921,28,21,17,39,46,1
157,Nicolás González,central midfield,15.0,676,92,81,164,555,209,921,28,21,17,39,46,2
158,Nicolás González,central midfield,15.6,381,41,70,71,381,372,809,25,37,112,73,21,1
159,Nicolás González,central midfield,15.6,381,41,70,71,381,372,809,25,37,112,73,21,2
160,Nicolás González,central midfield,15.6,381,41,70,71,381,372,809,25,37,112,73,46,1
161,Nicolás González,central midfield,15.6,381,41,70,71,381,372,809,25,37,112,73,46,2
162,Nicolás González,central midfield,15.6,381,41,70,164,555,209,921,28,21,17,39,21,1
163,Nicolás González,central midfield,15.6,381,41,70,164,555,209,921,28,21,17,39,21,2
164,Nicolás González,central midfield,15.6,381,41,70,164,555,209,921,28,21,17,39,46,1
165,Nicolás González,central midfield,15.6,381,41,70,164,555,209,921,28,21,17,39,46,2
166,Nicolás González,central midfield,15.6,676,92,81,71,381,372,809,25,37,112,73,21,1
167,Nicolás González,central midfield,15.6,676,92,81,71,381,372,809,25,37,112,73,21,2
168,Nicolás González,central midfield,15.6,676,92,81,71,381,372,809,25,37,112,73,46,1
169,Nicolás González,central midfield,15.6,676,92,81,71,381,372,809,25,37,112,73,46,2
170,Nicolás González,central midfield,15.6,676,92,81,164,555,209,921,28,21,17,39,21,1
171,Nicolás González,central midfield,15.6,676,92,81,164,555,209,921,28,21,17,39,21,2
172,Nicolás González,central midfield,15.6,676,92,81,164,555,209,921,28,21,17,39,46,1
173,Nicolás González,central midfield,15.6,676,92,81,164,555,209,921,28,21,17,39,46,2
174,Leon Goretzka,central midfield,19.2,826,80,114,296,678,312,1272,9,42,62,17,73,4
175,José Gragera,central midfield,5.1,178,11,11,117,137,19,272,0,0,3,0,26,0
176,Alberto Grassi,central midfield,13.3,453,27,50,261,400,80,734,4,5,10,8,53,0
177,Ryan Gravenberch,central midfield,6.4,326,34,44,68,269,155,483,11,11,31,19,26,0
178,Clément Grenier,central midfield,8.0,256,31,40,62,240,131,432,3,4,26,7,26,0
179,Pascal Groß,central midfield,36.0,1879,157,255,466,1225,924,2602,17,62,209,33,72,9
180,Andrés Guardado,central midfield,15.3,739,70,72,277,610,151,1022,5,14,13,10,64,3
181,Mattéo Guendouzi,central midfield,23.4,1094,143,170,193,817,455,1440,14,50,100,29,60,5
182,Javier Guerra,central midfield,6.7,188,15,30,57,186,103,341,14,17,16,28,27,0
183,Ander Guevara,central midfield,2.5,161,23,15,28,127,49,200,3,4,3,4,7,1
184,İlkay Gündoğan,central midfield,26.1,1374,143,170,243,975,596,1805,16,53,124,42,50,18
185,Raúl Guti,central midfield,12.4,327,26,32,120,283,123,521,5,4,17,13,26,0
186,Darko Gyabi,central midfield,0.1,4,0,2,1,4,3,8,0,0,0,1,2,0
187,Nicolas Haas,central midfield,12.8,304,29,36,187,254,115,554,1,10,23,6,35,0
188,Janik Haberer,central midfield,24.3,489,58,78,169,468,304,926,11,21,84,31,43,4
189,Amadou Haidara,central midfield,15.9,684,93,85,191,619,174,980,9,10,8,12,51,4
190,Abdou Harroui,central midfield,7.2,254,35,36,68,211,126,395,11,21,32,15,19,1
191,Jordan Henderson,central midfield,23.0,1341,158,189,277,1013,505,1782,12,37,90,23,53,9
192,Liam Henderson,central midfield,11.2,432,31,38,135,353,142,622,0,11,38,5,23,3
193,Matheus Henrique,central midfield,21.6,741,85,116,153,563,321,1025,34,40,68,53,38,3
194,Ander Herrera,central midfield,7.7,376,32,40,99,302,141,540,5,8,14,10,29,6
195,Yangel Herrera,central midfield,10.7,332,31,46,82,301,180,556,12,18,56,23,30,4
196,Ajdin Hrustic,central midfield,2.5,75,1,8,17,59,47,121,4,7,12,12,2,0
197,Will Hughes,central midfield,9.4,296,29,32,101,250,131,474,3,14,23,7,45,1
198,Denis Huseinbasic,central midfield,8.8,216,23,34,65,181,168,409,6,12,45,19,27,0
199,Pierre Højbjerg,central midfield,34.8,2021,207,235,670,1537,449,2633,30,46,66,45,105,10
200,Pablo Ibáñez,central midfield,11.8,280,34,59,116,297,120,528,8,15,42,15,37,1
201,Ivan Ilić,central midfield,22.6,992,85,105,248,862,328,1419,15,47,48,32,47,1
202,Ivan Ilić,central midfield,22.6,992,85,105,248,862,328,1419,15,47,48,32,47,3
203,Emirhan İlkhan,central midfield,2.3,89,13,13,28,87,33,148,1,3,11,5,9,0
204,Emirhan İlkhan,central midfield,2.3,89,13,13,28,87,33,148,1,3,11,5,9,0
205,Jefferson,central midfield,5.0,146,11,10,21,100,147,258,15,27,52,37,18,0
206,Mathias Jensen,central midfield,31.1,1088,117,141,368,868,669,1890,24,21,77,61,102,5
207,Þórir Jóhann Helgason,central midfield,2.5,55,2,2,25,42,31,96,0,2,5,1,5,0
208,Curtis Jones,central midfield,11.5,611,53,69,105,417,304,821,11,31,75,30,37,5
209,Frenkie de Jong,central midfield,28.2,2089,250,279,391,1553,607,2526,35,92,83,60,81,19
210,Joan Jordán,central midfield,17.7,963,134,123,248,734,243,1221,5,9,22,10,48,2
211,Kevin Kampl,central midfield,15.2,791,71,80,201,656,169,1016,9,23,15,12,43,6
212,Ayman Kari,central midfield,1.1,67,2,7,32,38,27,94,4,5,3,7,3,0
213,Grigoris Kastanos,central midfield,14.3,460,47,57,157,365,258,770,13,27,59,34,47,1
214,Naby Keïta,central midfield,3.3,129,15,15,34,114,59,206,3,5,21,4,7,0
215,Franck Kessié,central midfield,11.0,391,23,39,110,336,133,575,9,14,43,18,27,2
216,Mateusz Klich,central midfield,3.1,108,6,16,25,82,85,189,2,5,21,6,12,0
217,Dominik Kohr,central midfield,25.5,865,111,144,344,867,250,1447,10,17,39,22,93,4
218,Koke,central midfield,28.3,1784,179,175,542,1337,376,2244,13,15,37,22,75,8
219,Kouadio Koné,central midfield,29.0,1187,139,166,404,1127,302,1796,57,59,55,118,106,2
220,Rominigue Kouamé,central midfield,29.6,1244,145,169,505,1002,230,1698,50,59,36,71,93,2
221,Mateo Kovačić,central midfield,19.0,1130,158,153,279,938,289,1492,19,37,30,34,55,10
222,Tom Krauß,central midfield,27.9,578,55,86,313,612,241,1140,20,35,38,33,148,2
223,Toni Kroos,central midfield,23.9,2255,372,319,531,1618,506,2633,9,51,38,26,75,4
224,Rade Krunić,central midfield,18.4,819,61,73,284,673,171,1115,19,31,21,26,56,2
225,Pierre Kunde,central midfield,4.2,119,18,16,60,155,57,265,5,6,1,9,19,1
226,César de la Hoz,central midfield,18.6,435,54,49,247,427,51,723,4,3,6,8,50,1
227,Luca de la Torre,central midfield,16.5,510,51,62,122,371,291,774,12,55,73,21,37,2
228,Qazim Laçi,central midfield,2.4,111,18,24,20,109,44,171,2,0,4,4,8,0
229,Aïssa Laïdouni,central midfield,9.7,236,29,40,94,220,129,433,14,10,25,30,23,4
230,Konrad Laimer,central midfield,16.3,596,63,93,203,553,249,985,32,51,52,56,78,7
231,Danny Latza,central midfield,9.5,310,21,33,142,257,111,503,4,11,15,13,22,2
232,Paolo Lebas,central midfield,0.6,12,2,2,2,12,4,18,1,0,0,1,0,0
233,Pierre Lees-Melou,central midfield,30.7,1198,150,179,576,1000,300,1840,22,33,45,44,149,8
234,Félix Lemaréchal,central midfield,3.2,89,6,14,21,67,58,143,3,5,9,10,6,0
235,Léo Leroy,central midfield,13.2,387,34,61,184,401,123,692,11,14,25,30,67,4
236,Dimitri Liénard,central midfield,17.1,728,49,67,291,514,379,1169,10,24,111,27,62,0
237,Karol Linetty,central midfield,21.0,832,77,73,213,708,260,1175,7,27,32,22,51,3
238,Marcos Llorente,central midfield,18.9,660,30,88,216,378,415,997,12,64,139,27,49,1
239,Giovani Lo Celso,central midfield,12.5,578,51,97,113,366,388,853,22,35,70,44,38,11
240,Ruben Loftus-Cheek,central midfield,17.1,782,78,90,185,576,322,1068,30,56,86,60,37,1
241,Sean Longstaff,central midfield,28.0,943,80,116,278,742,420,1433,8,21,115,27,58,7
242,Unai López,central midfield,13.9,745,102,98,142,633,311,1076,12,17,43,27,47,0
243,Sandi Lovrić,central midfield,25.9,767,86,105,210,646,438,1272,14,42,90,38,66,4
244,Pol Lozano,central midfield,0.2,5,0,0,7,4,1,12,0,0,0,0,0,0
245,Jean Lucas,central midfield,3.2,134,19,20,29,136,32,191,9,5,6,14,13,1
246,Saša Lukić,central midfield,17.9,819,74,57,178,692,242,1102,5,34,38,12,47,0
247,Saša Lukić,central midfield,17.9,819,74,57,178,692,242,1102,5,34,38,12,47,1
248,Giulio Maggiore,central midfield,9.9,351,35,53,138,351,93,580,1,7,13,4,28,3
249,Hugo Magnetti,central midfield,18.8,634,64,70,215,541,186,931,23,32,27,35,68,0
250,Arne Maier,central midfield,21.8,421,41,66,167,380,320,862,16,32,77,37,46,6
251,Kobbie Mainoo,central midfield,0.1,7,1,1,2,4,5,11,0,2,1,1,0,0
252,Jean-Victor Makengo,central midfield,20.7,739,52,78,216,628,221,1045,32,41,61,50,51,0
253,Jean-Victor Makengo,central midfield,20.7,739,52,78,216,628,221,1045,32,41,61,50,51,2
254,Nemanja Maksimović,central midfield,22.8,439,28,42,189,437,174,794,3,13,29,9,75,0
255,Youssef Maleh,central midfield,10.8,241,24,30,90,217,140,446,3,12,36,11,26,0
256,Youssef Maleh,central midfield,10.8,241,24,30,90,217,140,446,3,12,36,11,26,0
257,Hianga Mananga Mbock,central midfield,0.2,8,0,0,1,7,5,13,1,2,1,1,0,0
258,Orel Mangala,central midfield,17.2,411,35,43,183,380,99,655,16,14,8,34,51,1
259,Thomas Mangani,central midfield,14.8,634,78,92,232,648,175,1050,4,9,15,6,56,2
260,Răzvan Marin,central midfield,28.2,1260,113,118,428,971,425,1805,22,35,27,39,58,4
261,Han-Noah Massengo,central midfield,12.4,385,43,48,107,358,134,588,17,21,29,38,41,5
262,Yanis Massolin,central midfield,0.7,30,3,4,17,25,9,50,0,0,0,3,4,0
263,Eliot Matazo,central midfield,13.1,399,50,60,134,399,81,606,4,5,10,16,41,0
264,Jean-Manuel Mbom,central midfield,0.1,2,2,1,0,3,0,3,0,0,0,0,0,0
265,James McArthur,central midfield,0.6,41,0,1,22,29,9,60,1,0,0,2,2,1
266,John McGinn,central midfield,29.9,805,114,140,218,756,388,1348,45,34,66,70,90,11
267,Weston McKennie,central midfield,27.7,808,73,121,303,650,392,1333,18,33,87,25,77,4
268,Weston McKennie,central midfield,27.7,808,73,121,303,650,392,1333,18,33,87,25,77,1
269,Soualiho Meïté,central midfield,26.3,863,77,82,363,759,176,1282,28,26,22,60,74,3
270,Gonzalo Melero,central midfield,20.6,652,72,97,204,526,221,942,17,31,37,36,39,1
271,Mikel Merino,central midfield,27.7,1145,154,172,356,1024,496,1860,22,30,107,42,97,11
272,Roque Mesa,central midfield,18.0,790,106,116,286,683,181,1134,15,29,24,31,40,4
273,Tommaso Milanese,central midfield,0.3,10,3,2,1,7,12,19,1,2,1,2,0,0
274,Sergej Milinković-Savić,central midfield,33.6,1465,138,166,442,1341,652,2411,39,47,129,80,86,15
275,Luis Milla,central midfield,20.6,756,99,104,238,704,202,1132,12,15,7,15,80,1
276,Enzo Millot,central midfield,9.9,311,22,29,94,264,196,545,21,23,58,46,35,2
277,James Milner,central midfield,10.1,563,61,70,196,390,264,848,11,21,78,21,38,2
278,Fabio Miretti,central midfield,13.7,364,39,60,109,346,249,694,19,33,85,43,28,2
279,Luka Modrić,central midfield,19.4,1336,153,182,213,885,592,1680,19,50,87,47,29,7
280,Jon Moncayola,central midfield,27.2,1136,170,175,387,949,379,1698,4,34,50,8,72,2
281,Monchu,central midfield,22.6,833,98,111,319,693,270,1276,10,17,25,20,68,5
282,Ilaix Moriba,central midfield,11.2,403,53,67,123,339,197,654,12,16,30,30,39,4
283,Manu Morlanes,central midfield,9.6,226,26,32,99,197,71,363,9,11,7,14,31,0
284,Manu Morlanes,central midfield,9.6,226,26,32,99,197,71,363,9,11,7,14,31,2
285,João Moutinho,central midfield,19.8,850,105,132,243,658,325,1218,8,23,32,15,69,7
286,João Moutinho,central midfield,19.8,850,105,132,243,658,325,1218,8,23,32,15,69,0
287,João Moutinho,central midfield,19.8,850,105,132,243,658,325,1218,8,23,32,15,7,7
288,João Moutinho,central midfield,19.8,850,105,132,243,658,325,1218,8,23,32,15,7,0
289,João Moutinho,central midfield,19.8,850,105,132,11,20,20,51,0,0,2,0,69,7
290,João Moutinho,central midfield,19.8,850,105,132,11,20,20,51,0,0,2,0,69,0
291,João Moutinho,central midfield,19.8,850,105,132,11,20,20,51,0,0,2,0,7,7
292,João Moutinho,central midfield,19.8,850,105,132,11,20,20,51,0,0,2,0,7,0
293,João Moutinho,central midfield,19.8,30,4,1,243,658,325,1218,8,23,32,15,69,7
294,João Moutinho,central midfield,19.8,30,4,1,243,658,325,1218,8,23,32,15,69,0
295,João Moutinho,central midfield,19.8,30,4,1,243,658,325,1218,8,23,32,15,7,7
296,João Moutinho,central midfield,19.8,30,4,1,243,658,325,1218,8,23,32,15,7,0
297,João Moutinho,central midfield,19.8,30,4,1,11,20,20,51,0,0,2,0,69,7
298,João Moutinho,central midfield,19.8,30,4,1,11,20,20,51,0,0,2,0,69,0
299,João Moutinho,central midfield,19.8,30,4,1,11,20,20,51,0,0,2,0,7,7
300,João Moutinho,central midfield,19.8,30,4,1,11,20,20,51,0,0,2,0,7,0
301,João Moutinho,central midfield,0.6,850,105,132,243,658,325,1218,8,23,32,15,69,7
302,João Moutinho,central midfield,0.6,850,105,132,243,658,325,1218,8,23,32,15,69,0
303,João Moutinho,central midfield,0.6,850,105,132,243,658,325,1218,8,23,32,15,7,7
304,João Moutinho,central midfield,0.6,850,105,132,243,658,325,1218,8,23,32,15,7,0
305,João Moutinho,central midfield,0.6,850,105,132,11,20,20,51,0,0,2,0,69,7
306,João Moutinho,central midfield,0.6,850,105,132,11,20,20,51,0,0,2,0,69,0
307,João Moutinho,central midfield,0.6,850,105,132,11,20,20,51,0,0,2,0,7,7
308,João Moutinho,central midfield,0.6,850,105,132,11,20,20,51,0,0,2,0,7,0
309,João Moutinho,central midfield,0.6,30,4,1,243,658,325,1218,8,23,32,15,69,7
310,João Moutinho,central midfield,0.6,30,4,1,243,658,325,1218,8,23,32,15,69,0
311,João Moutinho,central midfield,0.6,30,4,1,243,658,325,1218,8,23,32,15,7,7
312,João Moutinho,central midfield,0.6,30,4,1,243,658,325,1218,8,23,32,15,7,0
313,João Moutinho,central midfield,0.6,30,4,1,11,20,20,51,0,0,2,0,69,7
314,João Moutinho,central midfield,0.6,30,4,1,11,20,20,51,0,0,2,0,69,0
315,João Moutinho,central midfield,0.6,30,4,1,11,20,20,51,0,0,2,0,7,7
316,João Moutinho,central midfield,0.6,30,4,1,11,20,20,51,0,0,2,0,7,0
317,Samuel Moutoussamy,central midfield,26.7,1053,124,156,275,950,254,1459,16,41,45,29,88,2
318,Iker Muñoz,central midfield,2.8,90,10,12,43,78,13,134,1,0,4,2,4,0
319,Yunus Musah,central midfield,23.4,604,52,93,154,487,405,1030,27,72,101,70,59,3
320,Enock Mwepu,central midfield,2.4,61,5,6,12,54,53,116,1,5,17,5,11,0
321,Nikolas Nartey,central midfield,5.3,225,17,22,103,172,70,340,4,7,20,8,15,0
322,Michel Ndary Adopo,central midfield,2.9,122,8,10,36,112,25,172,3,2,4,6,8,0
323,Tanguy Ndombele,central midfield,9.0,504,41,52,78,424,189,685,19,27,33,37,21,1
324,Florian Neuhaus,central midfield,15.6,510,55,78,133,448,232,804,12,26,56,34,31,5
325,Hans Nicolussi Caviglia,central midfield,6.5,184,21,19,83,184,47,313,4,4,2,8,22,0
326,Saúl Ñíguez,central midfield,12.2,408,19,34,182,336,181,695,12,12,47,14,57,2
327,Matheus Nunes,central midfield,27.4,818,70,84,325,656,397,1354,44,59,129,85,83,6
328,Lewis O'Brien,central midfield,6.5,166,19,21,72,161,71,297,7,13,3,17,21,0
329,Pedro Obiang,central midfield,9.7,363,27,40,138,339,53,527,3,0,6,8,34,0
330,Olasagasti,central midfield,0.7,39,6,2,13,41,8,61,0,2,3,0,4,0
331,Finn Ole Becker,central midfield,5.7,148,14,19,58,116,88,262,4,6,15,9,15,0
332,Mathias Olesen,central midfield,5.3,123,9,15,45,113,38,193,2,2,11,4,12,0
333,Josh Onomah,central midfield,0.2,4,0,0,3,4,4,11,0,1,0,1,1,0
334,Frank Onyeka,central midfield,9.4,193,23,28,93,176,109,373,11,9,21,26,29,0
335,Pedro Ortiz,central midfield,0.0,1,0,0,1,1,0,2,0,0,0,0,0,0
336,Patrick Osterhage,central midfield,11.4,238,15,26,134,242,102,470,5,6,23,14,32,2
337,Azzedine Ounahi,central midfield,13.8,629,79,92,114,516,285,897,46,59,85,82,36,1
338,Azzedine Ounahi,central midfield,13.8,629,79,92,114,516,285,897,46,59,85,82,36,2
339,Alex Oxlade-Chamberlain,central midfield,3.7,75,8,14,20,69,67,153,5,11,28,14,6,2
340,Levin Öztunalı,central midfield,0.1,1,0,1,0,2,1,2,0,1,0,0,0,1
341,Exequiel Palacios,central midfield,18.4,1022,95,105,364,861,220,1427,10,12,27,16,92,4
342,Ante Palaversa,central midfield,0.3,14,1,0,3,12,5,20,0,0,0,0,2,0
343,Daniel Parejo,central midfield,36.5,2224,271,250,633,1565,683,2851,29,26,32,41,100,7
344,Paulinho,central midfield,0.9,23,1,4,4,18,17,38,2,3,8,4,0,0
345,Ben Pearson,central midfield,3.2,108,8,5,56,90,17,162,0,2,4,1,9,0
346,Pedri,central midfield,22.0,1251,161,184,161,954,556,1652,36,67,99,61,52,24
347,Pepín,central midfield,12.5,554,67,74,161,469,164,786,7,19,28,20,41,3
348,Kike Pérez,central midfield,25.6,927,101,134,337,836,413,1546,30,54,82,69,87,4
349,Niccolò Pisilli,central midfield,0.0,0,0,0,0,0,0,0,0,0,0,0,0,0
350,Tommaso Pobega,central midfield,9.8,307,36,36,107,283,112,497,2,8,22,5,36,0
351,Paul Pogba,central midfield,1.2,48,7,4,11,38,35,83,6,5,15,8,0,1
352,Dennis Praet,central midfield,7.2,200,10,17,67,163,118,342,6,15,42,14,17,2
353,Sanjin Prcić,central midfield,18.1,890,90,112,292,708,235,1218,14,14,14,20,52,3
354,Isaac Price,central midfield,0.4,12,1,1,5,10,2,17,1,1,0,1,0,0
355,Grischa Prömel,central midfield,16.2,363,29,39,159,327,170,652,5,19,46,14,35,0
356,Arnau Puigmal,central midfield,8.5,193,9,16,76,161,160,393,10,24,57,30,33,4
357,Niklas Pyyhtiä,central midfield,1.2,41,3,1,20,37,15,71,0,2,5,0,2,0
358,Domingos Quina,central midfield,3.1,122,16,17,39,104,53,191,5,12,7,10,6,2
359,Adrien Rabiot,central midfield,30.5,971,99,133,321,801,458,1555,27,72,109,55,91,2
360,Ivan Rakitić,central midfield,19.9,997,113,148,212,780,451,1433,4,42,84,11,64,2
361,Aaron Ramsey,central midfield,17.6,915,88,126,208,723,361,1279,14,29,84,24,64,5
362,Jacob Ramsey,central midfield,29.3,728,67,98,238,609,422,1245,31,94,119,77,92,3
363,Filippo Ranocchia,central midfield,5.9,201,23,26,70,174,90,328,8,13,15,15,15,3
364,Nicolai Rapp,central midfield,0.8,47,3,5,24,36,8,68,0,1,0,1,3,0
365,Harrison Reed,central midfield,31.8,988,82,102,292,842,463,1585,10,30,107,28,63,0
366,Rocco Reitz,central midfield,0.0,2,0,0,0,2,0,2,0,0,0,0,0,0
367,Elvis Rexhbeçaj,central midfield,28.0,622,67,89,370,630,194,1177,6,14,20,19,68,4
368,Sergi Roberto,central midfield,14.5,850,80,97,179,565,312,1051,5,47,72,13,33,1
369,Lucas Robertone,central midfield,31.6,1051,115,155,345,918,479,1711,27,47,97,68,96,10
370,Sebastian Rode,central midfield,15.7,711,98,105,164,661,178,997,7,23,39,14,54,4
371,Merlin Röhl,central midfield,0.6,13,1,1,6,16,8,30,0,2,4,1,1,0
372,Connor Ronan,central midfield,0.0,3,3,0,0,3,1,4,1,0,1,1,0,0
373,Valentin Rongier,central midfield,33.7,1855,224,238,506,1464,505,2455,29,57,72,45,147,6
374,Joe Rothwell,central midfield,11.3,385,34,33,131,309,105,538,16,12,12,23,29,4
375,Kays Ruiz,central midfield,0.7,26,0,0,19,19,4,41,1,1,2,1,4,0
376,Fabián Ruiz Peña,central midfield,21.0,1614,151,128,411,1161,410,1971,18,32,86,30,80,9
377,Marcel Sabitzer,central midfield,14.0,639,66,90,157,523,251,925,1,15,45,3,57,2
378,Marcel Sabitzer,central midfield,14.0,639,66,90,157,523,251,925,1,15,45,3,57,1
379,Jacopo Sala,central midfield,1.2,36,4,6,14,28,16,57,0,2,3,3,2,0
380,Albert Sambi Lokonga,central midfield,8.2,360,40,32,141,265,76,479,1,2,2,7,26,1
381,Albert Sambi Lokonga,central midfield,8.2,360,40,32,141,265,76,479,1,2,2,7,26,2
382,Fede San Emeterio,central midfield,20.5,518,45,45,251,498,91,834,2,1,11,5,58,2
383,Renato Sanches,central midfield,8.0,608,64,56,106,479,179,753,13,30,25,22,17,2
384,Antonio Sánchez,central midfield,12.0,312,24,34,150,279,187,602,12,22,56,26,41,0
385,Morgan Sanson,central midfield,15.9,485,67,61,116,483,269,852,17,43,70,46,60,0
386,Morgan Sanson,central midfield,15.9,485,67,61,116,483,269,852,17,43,70,46,60,6
387,Baptiste Santamaria,central midfield,20.1,1119,125,141,271,1023,218,1499,9,17,21,17,62,1
388,Téji Savanier,central midfield,28.3,1185,172,205,289,1138,677,2061,72,48,117,138,76,6
389,András Schäfer,central midfield,9.6,205,22,26,90,189,125,391,9,15,18,32,25,1
390,Xaver Schlager,central midfield,16.7,771,87,77,275,677,160,1090,13,23,12,24,58,4
391,Jacopo Segre,central midfield,0.2,8,0,0,4,8,0,12,0,0,0,0,0,0
392,Paul Seguin,central midfield,7.7,223,26,49,81,187,150,417,7,13,28,14,23,4
393,Stefano Sensi,central midfield,18.0,1089,128,143,276,880,299,1442,11,27,37,29,61,6
394,Jaime Seoane,central midfield,3.6,87,7,7,26,82,47,155,2,6,7,5,11,1
395,Suat Serdar,central midfield,22.5,431,50,78,189,549,219,936,36,33,48,74,80,3
396,Jonjo Shelvey,central midfield,6.4,240,41,37,110,227,37,373,4,1,0,4,8,0
397,Jonjo Shelvey,central midfield,6.4,240,41,37,110,227,37,373,4,1,0,4,8,3
398,Vincent Sierro,central midfield,7.4,321,36,49,100,296,92,485,6,7,13,8,23,2
399,Moussa Sissoko,central midfield,21.3,628,80,105,189,562,240,963,15,33,70,36,42,0
400,Carlos Soler,central midfield,15.9,636,45,66,118,421,358,891,6,21,74,14,26,0
401,Carlos Soler,central midfield,15.9,636,45,66,118,421,358,891,6,21,74,14,26,3
402,Djibril Sow,central midfield,29.4,1324,137,186,361,1190,276,1810,11,35,29,21,69,6
403,Jens Stage,central midfield,20.6,412,34,61,200,429,213,834,9,19,55,16,50,2
404,Mattias Svanberg,central midfield,20.4,394,34,74,137,393,300,811,17,29,85,45,46,3
405,Benjamin Tahirovic,central midfield,3.9,133,8,9,58,112,26,194,1,0,3,2,11,0
406,Flavien Tait,central midfield,18.7,933,119,154,143,803,336,1268,22,52,56,45,50,4
407,Florian Tardieu,central midfield,11.2,655,68,83,218,503,158,867,7,20,17,12,54,0
408,Filippo Terracciano,central midfield,9.1,235,21,37,110,224,113,439,6,16,24,12,30,1
409,Morten Thorsby,central midfield,9.3,119,12,15,85,118,94,297,0,0,21,2,25,0
410,Khéphren Thuram,central midfield,28.3,1155,107,128,365,946,396,1667,46,92,77,77,89,6
411,Youri Tielemans,central midfield,26.0,1303,169,181,436,1080,382,1875,26,35,56,35,94,12
412,Umut Tohumcu,central midfield,3.0,56,9,7,26,67,33,125,1,2,4,6,12,0
413,Corentin Tolisso,central midfield,22.6,1710,208,230,409,1370,400,2164,7,32,52,18,68,11
414,Pablo Torre,central midfield,1.6,77,9,11,12,49,55,114,3,4,16,7,4,2
415,Óliver Torres,central midfield,23.7,862,98,136,156,629,550,1314,15,38,156,42,49,5
416,Boubacar Traoré,central midfield,4.6,118,16,8,51,110,26,185,4,4,2,9,19,0
417,Manu Trigueros,central midfield,9.2,475,69,76,76,354,173,599,2,12,22,5,25,1
418,Theocharis Tsingaras,central midfield,0.1,4,0,1,0,4,1,5,0,0,0,0,0,0
419,Beñat Turrientes,central midfield,1.2,40,3,2,17,29,15,61,1,0,4,3,3,0
420,Óscar Valentín,central midfield,28.4,957,138,133,337,977,200,1501,7,21,17,20,136,1
421,Mattia Valoti,central midfield,5.0,122,17,16,53,133,48,231,3,7,9,10,20,0
422,Federico Valverde,central midfield,27.8,1427,118,151,229,857,800,1870,31,70,135,44,48,3
423,Matías Vecino,central midfield,18.8,830,86,88,278,712,184,1165,3,22,17,6,63,2
424,Gabriel Veiga,central midfield,25.5,552,79,109,137,565,387,1062,39,68,88,75,64,6
425,Unai Vencedor Paris,central midfield,2.1,107,13,16,28,93,29,149,1,2,3,2,4,0
426,Jordan Veretout,central midfield,31.8,1834,274,248,399,1489,511,2375,12,59,73,18,92,7
427,Marco Verratti,central midfield,24.4,2383,222,262,527,1743,538,2783,29,40,52,53,103,17
428,Ronaldo Vieira,central midfield,9.3,390,39,40,141,342,55,535,2,6,5,3,32,0
429,Ronaldo Vieira,central midfield,9.3,390,39,40,141,342,55,535,2,6,5,3,32,0
430,Tonny Vilhena,central midfield,25.2,662,64,80,202,609,294,1091,17,30,59,39,62,1
431,Gonzalo Villar,central midfield,12.8,522,51,53,150,497,127,765,16,22,11,26,33,0
432,Gonzalo Villar,central midfield,12.8,522,51,53,150,497,127,765,16,22,11,26,33,0
433,Vitinha,central midfield,32.4,1863,177,146,339,1381,691,2387,36,53,135,64,100,1
434,Vitinha,central midfield,32.4,1863,177,146,339,1381,691,2387,36,53,135,64,100,7
435,Aster Vranckx,central midfield,2.8,98,7,4,25,107,28,160,3,2,5,7,5,0
436,Aster Vranckx,central midfield,2.8,98,7,4,25,107,28,160,3,2,5,7,5,0
437,Robert Wagner,central midfield,0.4,7,0,0,6,10,10,26,0,0,2,1,0,0
438,James Ward-Prowse,central midfield,37.5,1716,177,189,447,1380,667,2480,7,19,58,20,120,2
439,Marcel Wenig,central midfield,0.0,9,0,0,2,8,3,13,0,0,0,0,0,0
440,Georginio Wijnaldum,central midfield,8.5,169,9,18,37,151,90,274,11,16,33,21,6,0
441,Joe Willock,central midfield,28.4,777,91,121,202,586,556,1324,37,97,152,93,76,4
442,Xeka,central midfield,6.1,279,32,39,74,248,61,380,1,5,13,6,16,1
443,Ryan Yates,central midfield,20.4,455,26,43,235,418,143,790,4,11,27,9,48,0
444,Oier Zarraga,central midfield,9.5,294,36,37,60,229,168,447,5,12,32,7,24,1
445,Szymon Żurkowski,central midfield,5.1,87,10,11,46,88,62,194,8,12,14,12,13,0
446,Szymon Żurkowski,central midfield,5.1,87,10,11,46,88,62,194,8,12,14,12,13,0
